;;;;NATIONAL;NATIONAL;NATIONAL;NATIONAL;NATIONAL;RURAL;RURAL;RURAL;RURAL;RURAL;URBAN;URBAN;URBAN;URBAN;URBAN;NATIONAL;NATIONAL;NATIONAL;NATIONAL;NATIONAL;NATIONAL;RURAL;RURAL;RURAL;RURAL;RURAL;RURAL;URBAN;URBAN;URBAN;URBAN;URBAN;URBAN;;
COUNTRY, AREA OR TERRITORY;Year;Population (thousands);% urban;At least basic ;Limited (more than 30 mins);Unimproved;Surface water;Annual rate of change in basic;At least basic;Limited (more than 30 mins);Unimproved;Surface water;Annual rate of change in basic;At least basic;Limited (more than 30 mins);Unimproved;Surface water;Annual rate of change in basic;Proportion of population using improved water supplies Safely managed;Accessible on premises;Available when needed;Free from contamination;Piped;Non-piped;Proportion of population using improved water supplies Safely managed;Accessible on premises;Available when needed;Free from contamination;Piped;Non-piped;Proportion of population using improved water supplies Safely managed ;Accessible on premises;Available when needed;Free from contamination;Piped;Non-piped;Sl;ISO3
Afghanistan;2000;20094;22;28;4;43;25;2,31;22;3;46;30;2,1;49;5;36;10;2,73;-;16;-;-;4;28;-;10;-;-;<1;25;-;40;-;-;17;37;235;AFG
Afghanistan;2017;35530;25;67;3;19;11;;57;4;24;14;;96;<1;3;<1;;-;38;-;-;22;49;-;25;-;-;14;48;-;79;-;-;45;51;252;AFG
Albania;2000;3122;42;88;9;2;1;0,19;82;13;3;2;0,48;96;4;<1;<1;-0,27;49;61;49;96;76;21;-;39;53;-;62;33;-;92;44;-;96;4;253;ALB
Albania;2017;2930;59;91;5;4;<1;;90;5;5;<1;;92;5;3;<1;;70;89;70;87;86;10;-;90;68;-;77;18;-;89;72;-;92;4;270;ALB
Algeria;2000;31184;60;90;6;4;<1;0,22;83;8;7;1;0,32;94;4;2;<1;0,07;-;69;-;-;81;15;-;50;-;-;67;25;-;82;82;-;90;8;271;DZA
Algeria;2017;41318;72;94;5;1;<1;;89;9;2;<1;;95;4;<1;<1;;-;81;-;-;77;22;-;74;-;-;64;34;-;84;83;-;82;17;288;DZA
American Samoa;2000;58;89;98;<1;2;<1;0,08;-;-;-;-;-;-;-;-;-;-;12;78;-;12;97;1;-;-;-;-;-;-;-;-;-;-;-;-;289;ASM
American Samoa;2017;56;87;>99;<1;<1;<1;;-;-;-;-;;-;-;-;-;;13;99;-;13;>99;<1;-;-;-;-;-;-;-;-;-;-;-;-;306;ASM
Andorra;2000;65;92;>99;<1;<1;<1;0;>99;<1;<1;<1;0;>99;<1;<1;<1;0;91;>99;>99;91;>99;<1;-;>99;>99;-;>99;<1;-;>99;>99;-;>99;<1;307;AND
Andorra;2017;77;88;>99;<1;<1;<1;;>99;<1;<1;<1;;>99;<1;<1;<1;;91;>99;>99;91;>99;<1;-;>99;>99;-;>99;<1;-;>99;>99;-;>99;<1;324;AND
Angola;2000;16441;50;41;21;9;29;0,86;21;16;16;47;0,37;61;26;2;10;0,6;-;8;31;-;24;38;-;2;24;-;14;24;-;13;37;-;35;52;325;AGO
Angola;2017;29784;65;56;10;19;15;;27;9;23;41;;71;10;17;2;;-;37;31;-;41;25;-;7;23;-;8;28;-;53;35;-;58;24;342;AGO
Anguilla;2000;11;100;96;<1;4;<1;0,08;-;-;-;-;-;96;<1;4;<1;0,08;-;87;86;-;61;35;-;-;-;-;-;-;-;87;86;-;61;35;343;AIA
Anguilla;2017;15;100;97;<1;3;<1;;-;-;-;-;;97;<1;3;<1;;-;88;88;-;-;-;-;-;-;-;-;-;-;88;88;-;-;-;360;AIA
Antigua and Barbuda;2000;84;32;98;<1;2;<1;-0,09;-;-;-;-;-;-;-;-;-;-;-;83;91;-;98;<1;-;-;-;-;-;-;-;-;-;-;-;-;361;ATG
Antigua and Barbuda;2017;102;25;97;<1;3;<1;;-;-;-;-;;-;-;-;-;;-;75;90;-;94;2;-;-;-;-;-;-;-;-;-;-;-;-;378;ATG
Argentina;2000;37057;89;96;<1;3;1;-;76;<1;14;10;-;99;<1;1;<1;0,06;-;92;-;-;89;7;-;61;-;-;50;27;-;95;-;-;94;5;379;ARG
Argentina;2017;44271;92;-;-;-;-;;-;-;-;-;;>99;<1;<1;<1;;-;-;-;-;-;-;-;-;-;-;-;-;-;99;-;-;98;2;396;ARG
Armenia;2000;3070;65;95;2;3;<1;0,28;89;5;6;<1;0,67;99;<1;<1;<1;0,07;30;89;30;76;88;9;-;75;44;-;72;21;-;97;21;-;97;2;397;ARM
Armenia;2017;2930;63;>99;<1;<1;<1;;>99;<1;<1;<1;;>99;<1;<1;<1;;86;>99;86;90;99;<1;-;>99;75;-;98;2;-;99;93;-;>99;<1;414;ARM
Aruba;2000;91;47;94;<1;5;<1;-;-;-;-;-;-;-;-;-;-;-;-;93;-;-;91;3;-;-;-;-;-;-;-;-;-;-;-;-;415;ABW
Aruba;2017;105;43;-;-;-;-;;-;-;-;-;;-;-;-;-;;-;-;-;-;-;-;-;-;-;-;-;-;-;-;-;-;-;-;432;ABW
Australia;2000;19066;84;>99;<1;<1;<1;0,02;>99;<1;<1;<1;0,06;>99;<1;<1;<1;0,01;-;96;90;-;83;16;-;87;-;-;59;40;98;98;-;>99;88;12;433;AUS
Australia;2017;24451;86;>99;<1;<1;<1;;>99;<1;<1;<1;;>99;<1;<1;<1;;-;97;96;-;91;9;-;89;-;-;84;16;99;99;-;>99;92;8;450;AUS
Austria;2000;8069;60;>99;<1;<1;<1;0;>99;<1;<1;<1;0;>99;<1;<1;<1;0;98;>99;99;98;-;-;-;>99;>99;-;-;-;-;>99;99;-;-;-;451;AUT
Austria;2017;8735;58;>99;<1;<1;<1;;>99;<1;<1;<1;;>99;<1;<1;<1;;99;>99;99;>99;-;-;-;>99;>99;-;-;-;-;>99;99;-;-;-;468;AUT
Azerbaijan;2000;8123;51;73;8;8;10;1,06;55;12;14;20;1,57;91;5;2;1;0,5;50;59;82;50;49;33;-;37;-;-;19;47;-;80;-;-;78;18;469;AZE
Azerbaijan;2017;9828;55;91;3;5;<1;;82;6;10;2;;>99;<1;<1;<1;;74;74;94;88;86;8;-;50;-;-;70;17;-;93;-;-;98;1;486;AZE
Bahamas;2000;298;82;98;<1;2;<1;0,04;-;-;-;-;-;-;-;-;-;-;-;97;98;-;96;2;-;-;-;-;-;-;-;-;-;-;-;-;487;BHS
Bahamas;2017;395;83;99;<1;1;<1;;-;-;-;-;;-;-;-;-;;-;98;99;-;97;2;-;-;-;-;-;-;-;-;-;-;-;-;504;BHS
Bahrain;2000;665;88;>99;<1;<1;<1;0,01;-;-;-;-;-;-;-;-;-;-;99;99;>99;99;97;2;-;-;-;-;-;-;-;-;-;-;-;-;505;BHR
Bahrain;2017;1493;89;>99;<1;<1;<1;;-;-;-;-;;-;-;-;-;;99;99;>99;>99;-;-;-;-;-;-;-;-;-;-;-;-;-;-;522;BHR
Bangladesh;2000;131581;24;95;<1;2;2;0,11;94;<1;2;3;0,15;99;<1;<1;<1;-0,07;56;64;-;56;7;89;59;60;-;59;<1;95;45;77;-;45;30;68;523;BGD
Bangladesh;2017;164670;36;97;2;<1;<1;;97;2;<1;1;;97;1;<1;<1;;55;78;-;55;15;84;61;76;-;61;3;96;45;82;-;45;37;62;540;BGD
Barbados;2000;270;34;98;<1;1;<1;0,01;-;-;-;-;-;-;-;-;-;-;-;98;89;-;97;2;-;-;-;-;-;-;-;-;-;-;-;-;541;BRB
Barbados;2017;286;31;98;<1;1;<1;;-;-;-;-;;-;-;-;-;;-;98;89;-;99;<1;-;-;-;-;-;-;-;-;-;-;-;-;558;BRB
Belarus;2000;9934;70;>99;<1;<1;<1;-0,17;99;<1;1;<1;-0,03;>99;<1;<1;<1;-0,21;81;81;-;>99;80;20;-;54;-;-;48;51;-;92;-;-;94;6;559;BLR
Belarus;2017;9468;78;96;3;<1;<1;;98;<1;<1;<1;;96;4;<1;<1;;95;95;-;97;93;7;-;94;-;-;75;24;-;95;-;-;98;2;576;BLR
Belgium;2000;10282;97;>99;<1;<1;<1;0;>99;<1;<1;<1;0;>99;<1;<1;<1;0;>99;>99;-;>99;>99;<1;-;>99;-;-;>99;<1;-;>99;-;-;>99;<1;577;BEL
Belgium;2017;11429;98;>99;<1;<1;<1;;>99;<1;<1;<1;;>99;<1;<1;<1;;>99;>99;-;>99;>99;<1;-;>99;-;-;>99;<1;-;>99;-;-;>99;<1;594;BEL
Belize;2000;247;45;87;1;8;3;0,62;84;1;9;5;0,76;91;<1;7;<1;0,45;-;85;-;-;64;24;-;81;-;-;52;34;-;89;-;-;78;13;595;BLZ
Belize;2017;375;46;98;1;<1;<1;;97;1;1;<1;;99;1;<1;<1;;-;96;-;-;86;13;-;95;-;-;78;21;-;98;-;-;95;5;612;BLZ
Benin;2000;6866;38;61;6;20;12;0,29;52;8;24;16;0,36;77;3;14;6;-0,05;-;41;-;-;42;26;-;23;-;-;26;34;-;68;-;-;67;13;613;BEN
Benin;2017;11176;47;66;10;20;4;;58;14;22;6;;76;5;18;1;;-;26;-;-;40;37;-;12;-;-;27;45;-;43;-;-;54;27;630;BEN
Bermuda;2000;64;100;>99;<1;<1;<1;-0,01;-;-;-;-;-;>99;<1;<1;<1;-0,01;-;>99;-;-;>99;<1;-;-;-;-;-;-;-;>99;-;-;>99;<1;631;BMU
Bermuda;2017;61;100;>99;<1;<1;<1;;-;-;-;-;;>99;<1;<1;<1;;-;>99;-;-;>99;<1;-;-;-;-;-;-;-;>99;-;-;>99;<1;648;BMU
Bhutan;2000;573;25;83;1;6;10;0,85;78;<1;8;13;1,08;96;3;<1;<1;0,13;29;68;74;29;81;3;22;67;67;22;75;3;49;69;92;49;98;<1;649;BTN
Bhutan;2017;808;40;97;3;<1;<1;;97;3;<1;<1;;98;1;<1;<1;;36;88;88;36;>99;<1;28;83;86;28;>99;<1;49;96;93;49;>99;<1;666;BTN
Bolivia (Plurinational State of);2000;8340;62;79;<1;7;13;0,79;54;<1;12;33;1,41;95;<1;4;<1;0,26;-;72;-;-;75;5;-;40;-;-;47;8;-;91;85;-;92;3;667;BOL
Bolivia (Plurinational State of);2017;11052;69;93;<1;2;5;;78;<1;4;18;;>99;<1;<1;<1;;-;92;-;-;71;22;-;76;-;-;33;45;-;99;79;-;88;12;684;BOL
Bosnia and Herzegovina;2000;3767;42;97;1;1;<1;-0,07;96;1;2;<1;0,06;99;<1;<1;<1;-0,22;87;92;87;91;85;13;-;87;86;-;77;21;-;97;90;-;96;3;685;BIH
Bosnia and Herzegovina;2017;3507;48;96;4;<1;<1;;97;3;<1;<1;;95;5;<1;<1;;89;91;89;99;95;5;-;92;88;-;93;7;-;90;90;-;98;2;702;BIH
Botswana;2000;1728;53;75;20;2;3;0,89;54;38;3;6;1,29;94;6;<1;<1;0,17;-;59;-;-;89;6;-;31;-;-;77;14;84;84;-;84;>99;<1;703;BWA
Botswana;2017;2292;69;90;7;2;1;;76;18;2;4;;97;1;1;<1;;-;79;-;-;90;6;-;47;-;-;77;18;83;93;-;83;97;1;720;BWA
Brazil;2000;175288;81;94;<1;5;<1;0,27;74;2;20;3;0,92;98;<1;1;<1;0,08;-;84;86;-;86;8;-;46;64;-;51;26;91;93;91;97;95;4;721;BRA
Brazil;2017;209288;86;98;<1;2;-;;90;2;8;-;;>99;<1;<1;<1;;-;98;90;-;97;1;-;90;76;-;83;9;92;>99;92;98;>99;<1;738;BRA
British Virgin Islands;2000;21;42;95;<1;5;<1;0,27;-;-;-;-;-;-;-;-;-;-;-;93;-;-;91;4;-;-;-;-;-;-;-;-;-;-;-;-;739;VGB
British Virgin Islands;2017;31;47;>99;<1;<1;<1;;-;-;-;-;;-;-;-;-;;-;98;-;-;-;-;-;-;-;-;-;-;-;-;-;-;-;-;756;VGB
Brunei Darussalam;2000;333;71;>99;<1;<1;<1;0;-;-;-;-;-;-;-;-;-;-;-;>99;-;-;>99;<1;-;-;-;-;-;-;-;-;-;-;-;-;757;BRN
Brunei Darussalam;2017;429;77;>99;<1;<1;<1;;-;-;-;-;;-;-;-;-;;-;>99;-;-;>99;<1;-;-;-;-;-;-;-;-;-;-;-;-;774;BRN
Bulgaria;2000;7998;69;>99;<1;<1;<1;-0,04;>99;<1;<1;<1;-0,08;>99;<1;<1;<1;-0,02;97;>99;97;99;96;4;-;>99;-;-;89;10;-;>99;-;-;98;2;775;BGR
Bulgaria;2017;7085;75;>99;<1;<1;-;;98;<1;2;-;;>99;<1;<1;<1;;97;97;98;98;>99;<1;-;92;-;-;98;<1;-;99;-;-;>99;<1;792;BGR
Burkina Faso;2000;11608;18;55;14;25;6;-0,41;51;13;28;8;-0,93;74;16;10;<1;0,35;-;2;49;-;21;47;-;<1;48;-;8;56;-;10;54;-;82;8;793;BFA
Burkina Faso;2017;19193;29;48;28;23;1;;35;33;31;2;;80;15;5;<1;;-;18;53;-;25;50;-;3;51;-;6;62;-;56;57;-;74;21;810;BFA
Burundi;2000;6401;8;51;19;15;15;0,6;48;21;15;16;0,52;82;6;4;8;0,45;-;4;-;-;14;56;-;<1;-;-;9;60;-;43;<1;-;77;12;811;BDI
Burundi;2017;10864;13;61;20;15;5;;57;21;17;5;;90;8;2;<1;;-;10;-;-;36;45;-;3;-;-;28;50;-;57;<1;-;89;8;828;BDI
Cabo Verde;2000;435;53;79;11;10;<1;0,49;70;17;12;<1;0,32;86;6;7;<1;0,41;-;60;-;-;70;20;-;52;-;-;62;26;-;68;-;-;77;15;829;CPV
Cabo Verde;2017;546;65;87;9;4;<1;;76;13;11;<1;;93;7;<1;<1;;-;84;-;-;89;8;-;76;-;-;75;14;-;89;-;-;96;4;846;CPV
Cambodia;2000;12152;19;52;<1;21;26;1,54;47;<1;24;29;1,52;76;<1;11;14;1,28;17;37;-;17;6;46;11;30;-;11;<1;47;43;70;-;43;32;44;847;KHM
Cambodia;2017;16005;23;79;<1;10;11;;73;<1;13;14;;97;1;<1;<1;;26;61;-;26;26;53;17;57;-;17;11;62;57;76;-;57;77;21;864;KHM
Cameroon;2000;15274;46;59;5;26;9;0,07;38;5;40;17;0,06;85;5;10;<1;-0,43;-;8;-;-;39;25;-;4;-;-;12;31;-;14;-;-;71;18;865;CMR
Cameroon;2017;24054;56;60;16;16;7;;39;16;31;15;;77;17;5;1;;-;31;-;-;40;37;-;6;-;-;13;41;-;51;-;-;61;33;882;CMR
Canada;2000;30736;79;>99;<1;<1;<1;0,02;98;<1;2;<1;0,04;>99;<1;<1;<1;0,01;98;98;-;99;>99;<1;-;96;-;-;98;<1;-;99;-;-;>99;<1;883;CAN
Canada;2017;36624;81;>99;<1;<1;<1;;99;<1;1;<1;;>99;<1;<1;<1;;99;99;-;>99;>99;<1;-;98;-;-;99;<1;-;>99;-;-;>99;<1;900;CAN
Caribbean Netherlands;2000;14;75;>99;<1;<1;<1;-;-;-;-;-;-;-;-;-;-;-;-;85;-;-;70;29;-;-;-;-;-;-;-;-;-;-;-;-;901;BES
Caribbean Netherlands;2017;25;75;-;-;-;-;;-;-;-;-;;-;-;-;-;;-;-;-;-;-;-;-;-;-;-;-;-;-;-;-;-;-;-;918;BES
Cayman Islands;2000;42;100;-;-;-;-;-;-;-;-;-;-;-;-;-;-;-;-;-;-;-;-;-;-;-;-;-;-;-;-;-;-;-;-;-;919;CYM
Cayman Islands;2017;62;100;-;-;-;-;;-;-;-;-;;-;-;-;-;;-;-;-;-;-;-;-;-;-;-;-;-;-;-;-;-;-;-;936;CYM
Central African Republic;2000;3755;38;58;7;27;7;-;44;8;37;11;-;82;5;11;1;-;-;8;38;-;21;44;-;3;22;-;4;48;-;16;66;-;49;38;937;CAF
Central African Republic;2017;4659;41;-;-;-;-;;-;-;-;-;;-;-;-;-;;-;-;-;-;-;-;-;-;-;-;-;-;-;-;-;-;-;-;954;CAF
Chad;2000;8343;22;41;9;42;7;-0,16;32;11;48;9;-0,13;76;2;21;<1;-0,39;-;15;-;-;17;33;-;3;-;-;7;36;-;59;-;-;55;23;955;TCD
Chad;2017;14900;23;39;17;39;6;;29;17;47;7;;70;17;12;1;;-;9;-;-;19;36;-;1;-;-;9;37;-;35;-;-;53;34;972;TCD
Channel Islands;2000;149;30;-;-;-;-;-;-;-;-;-;-;-;-;-;-;-;-;-;-;-;-;-;-;-;-;-;-;-;-;-;-;-;-;-;973;CHI
Channel Islands;2017;165;31;94;<1;6;<1;;-;-;-;-;;-;-;-;-;;92;92;-;94;90;4;-;-;-;-;-;-;-;-;-;-;-;-;990;CHI
Chile;2000;15263;86;96;<1;4;-;0,24;75;<1;25;-;1,5;>99;<1;<1;<1;0,04;92;92;95;95;94;2;-;55;-;-;65;10;98;98;99;98;99;<1;991;CHL
Chile;2017;18055;87;>99;<1;<1;<1;;>99;<1;<1;<1;;>99;<1;<1;<1;;99;>99;>99;99;>99;<1;-;97;-;-;99;1;99;>99;>99;99;>99;<1;1008;CHL
China;2000;1283199;36;80;<1;16;3;0,73;70;<1;25;4;0,93;98;<1;<1;<1;-0,03;-;65;77;-;51;30;-;46;65;-;31;40;93;98;97;93;87;12;1009;CHN
China;2017;1409517;58;93;<1;6;<1;;86;2;12;<1;;98;<1;2;<1;;-;92;90;-;76;18;-;86;81;-;54;34;92;96;96;92;92;6;1026;CHN
China, Hong Kong Special Administrative Region;2000;6664;100;99;<1;1;<1;0,08;-;-;-;-;-;99;<1;1;<1;0,08;79;98;-;79;97;1;-;-;-;-;-;-;79;98;-;79;97;1;1027;HKG
China, Hong Kong Special Administrative Region;2017;7365;100;>99;<1;<1;<1;;-;-;-;-;;>99;<1;<1;<1;;>99;>99;-;>99;>99;<1;-;-;-;-;-;-;>99;>99;-;>99;>99;<1;1044;HKG
China, Macao Special Administrative Region;2000;428;100;>99;<1;<1;<1;0;-;-;-;-;-;>99;<1;<1;<1;0;53;>99;>99;53;>99;<1;-;-;-;-;-;-;>99;>99;>99;>99;>99;<1;1045;MAC
China, Macao Special Administrative Region;2017;623;100;>99;<1;<1;<1;;-;-;-;-;;>99;<1;<1;<1;;>99;>99;>99;>99;>99;<1;-;-;-;-;-;-;>99;>99;>99;>99;>99;<1;1062;MAC
Colombia;2000;40404;74;91;<1;5;4;0,37;71;<1;15;13;0,9;98;<1;2;<1;0,12;68;90;73;75;85;6;33;68;-;33;53;18;81;98;81;90;96;2;1063;COL
Colombia;2017;49066;80;97;<1;<1;2;;86;<1;4;9;;>99;<1;<1;<1;;73;96;76;81;89;9;40;82;-;40;62;25;81;>99;81;92;95;5;1080;COL
Comoros;2000;542;28;91;2;6;2;-0,63;91;2;5;2;-0,86;90;2;8;<1;-0,08;-;66;-;-;48;44;-;66;-;-;38;55;-;67;-;-;75;16;1081;COM
Comoros;2017;814;29;80;11;8;<1;;77;12;11;<1;;88;9;2;<1;;-;65;-;-;59;32;-;63;-;-;53;36;-;71;-;-;76;21;1098;COM
Congo;2000;3226;59;57;10;25;8;0,94;18;9;53;20;1,63;85;10;5;<1;0,14;27;27;-;38;54;13;7;7;-;10;9;18;42;42;-;57;85;10;1099;COG
Congo;2017;5261;66;73;10;10;6;;46;11;24;19;;87;10;3;<1;;45;52;-;46;52;32;19;19;-;21;10;46;59;69;-;59;73;25;1116;COG
Cook Islands;2000;18;65;>99;<1;<1;<1;0;-;-;-;-;-;-;-;-;-;-;-;85;-;-;69;31;-;-;-;-;-;-;-;-;-;-;-;-;1117;COK
Cook Islands;2017;17;75;>99;<1;<1;<1;;-;-;-;-;;-;-;-;-;;-;87;-;-;75;25;-;-;-;-;-;-;-;-;-;-;-;-;1134;COK
Costa Rica;2000;3925;59;94;<1;2;3;0,33;87;<1;5;7;0,74;>99;<1;<1;<1;0,04;87;94;-;87;90;4;74;87;-;74;81;7;96;>99;-;96;97;2;1135;CRI
Costa Rica;2017;4906;79;>99;<1;<1;<1;;>99;<1;<1;<1;;>99;<1;<1;<1;;94;>99;-;94;>99;<1;84;99;-;84;>99;<1;96;>99;-;96;>99;<1;1152;CRI
C™te d'Ivoire;2000;16687;43;71;9;15;5;0,12;56;14;21;10;0,13;91;3;6;<1;-0,18;34;41;59;44;45;35;16;16;60;27;25;45;57;73;57;66;72;22;1153;CIV
C™te d'Ivoire;2017;24295;50;73;6;15;6;;58;10;23;9;;88;3;7;2;;37;46;57;45;41;38;18;18;59;26;20;47;55;73;55;64;62;28;1170;CIV
Croatia;2000;4428;53;98;<1;1;<1;0,07;97;<1;2;<1;0,17;>99;<1;<1;<1;-0,03;89;89;-;95;84;14;-;80;-;-;72;25;-;97;-;-;95;5;1171;HRV
Croatia;2017;4189;57;>99;<1;<1;-;;>99;<1;<1;-;;>99;<1;<1;<1;;90;97;-;90;>99;<1;-;97;-;-;>99;<1;-;97;-;-;>99;<1;1188;HRV
Cuba;2000;11151;75;93;2;4;<1;0,14;80;4;14;2;0,59;97;1;1;<1;-0,02;-;80;-;-;74;21;-;55;-;-;48;36;-;87;-;-;82;16;1189;CUB
Cuba;2017;11485;77;95;2;2;<1;;90;4;4;2;;97;1;2;<1;;-;94;-;-;80;18;-;86;-;-;58;37;-;96;-;-;86;12;1206;CUB
Curaao;2000;132;91;99;<1;1;<1;0,05;-;-;-;-;-;-;-;-;-;-;-;99;-;-;99;<1;-;-;-;-;-;-;-;-;-;-;-;-;1207;CUW
Curaao;2017;161;89;>99;<1;<1;<1;;-;-;-;-;;-;-;-;-;;-;>99;-;-;99;<1;-;-;-;-;-;-;-;-;-;-;-;-;1224;CUW
Cyprus;2000;943;69;>99;<1;<1;<1;-0,02;>99;<1;<1;<1;-0,01;>99;<1;<1;<1;-0,03;95;>99;-;95;>99;<1;-;>99;-;-;>99;<1;-;>99;-;-;>99;<1;1225;CYP
Cyprus;2017;1180;67;>99;<1;<1;<1;;>99;<1;<1;<1;;>99;<1;<1;<1;;>99;>99;-;>99;>99;<1;-;>99;-;-;>99;<1;-;>99;-;-;>99;<1;1242;CYP
Czech Republic;2000;10290;74;>99;<1;<1;<1;0;>99;<1;<1;<1;0,01;>99;<1;<1;<1;0;96;96;-;98;96;3;-;94;-;-;91;8;-;97;>99;-;98;2;1243;CZE
Czech Republic;2017;10618;74;>99;<1;<1;<1;;>99;<1;<1;<1;;>99;<1;<1;<1;;98;98;-;>99;>99;<1;-;98;-;-;>99;<1;-;98;>99;-;>99;<1;1260;CZE
Democratic People's Republic of Korea;2000;22929;59;>99;<1;<1;-;-0,28;>99;<1;<1;-;-0,55;>99;<1;<1;<1;-0,11;69;79;99;76;91;9;55;79;99;55;83;17;79;79;99;90;97;3;1261;PRK
Democratic People's Republic of Korea;2017;25491;62;95;<1;5;<1;;90;<1;9;<1;;97;<1;2;<1;;67;75;94;74;68;28;50;71;89;50;54;37;77;77;97;89;76;22;1278;PRK
Democratic Republic of the Congo;2000;47076;35;34;11;37;18;0,55;16;9;49;26;0,43;68;14;15;3;0,09;-;14;-;-;23;21;-;<1;-;-;3;21;-;38;-;-;60;21;1279;COD
Democratic Republic of the Congo;2017;81340;44;43;12;36;9;;23;10;53;15;;69;15;14;2;;-;8;-;-;32;23;-;<1;-;-;8;24;-;18;-;-;63;21;1296;COD
Denmark;2000;5341;85;>99;<1;<1;<1;0;>99;<1;<1;<1;0;>99;<1;<1;<1;0;94;97;-;94;>99;<1;-;98;-;-;>99;<1;-;97;-;-;>99;<1;1297;DNK
Denmark;2017;5734;88;>99;<1;<1;<1;;>99;<1;<1;<1;;>99;<1;<1;<1;;97;97;-;98;>99;<1;-;98;-;-;>99;<1;-;97;-;-;>99;<1;1314;DNK
Djibouti;2000;718;77;76;15;9;<1;0;55;14;29;2;-0,45;82;15;3;<1;0,11;-;45;-;-;75;15;-;5;-;-;29;40;-;57;-;-;90;7;1315;DJI
Djibouti;2017;957;78;76;15;7;2;;47;12;31;10;;84;15;<1;<1;;-;46;-;-;82;9;-;4;-;-;25;34;-;58;-;-;98;1;1332;DJI
Dominica;2000;70;65;93;<1;7;<1;-;-;-;-;-;-;-;-;-;-;-;-;66;51;-;92;2;-;-;-;-;-;-;-;-;-;-;-;-;1333;DMA
Dominica;2017;74;70;-;-;-;-;;-;-;-;-;;-;-;-;-;;-;-;-;-;-;-;-;-;-;-;-;-;-;-;-;-;-;-;1350;DMA
Dominican Republic;2000;8563;62;90;4;4;2;0,4;79;8;7;5;0,64;96;2;1;<1;0,12;-;74;-;-;76;18;-;61;-;-;58;30;-;83;-;-;87;12;1351;DOM
Dominican Republic;2017;10767;80;97;<1;2;1;;90;2;2;6;;98;<1;1;<1;;-;95;-;-;81;17;-;79;-;-;66;26;-;98;-;-;84;14;1368;DOM
Ecuador;2000;12629;60;82;<1;9;8;0,68;70;1;9;19;0,78;90;<1;9;<1;0,57;66;77;79;66;72;12;50;64;64;50;54;17;77;86;88;77;83;8;1369;ECU
Ecuador;2017;16625;64;94;<1;3;3;;83;<1;8;8;;>99;<1;<1;<1;;75;92;89;75;88;6;58;82;75;58;70;14;85;98;97;85;98;2;1386;ECU
Egypt;2000;69906;43;98;<1;1;<1;0,07;97;<1;2;<1;0,12;>99;<1;<1;<1;0;-;90;62;-;89;9;-;84;62;-;82;16;-;98;63;-;99;<1;1387;EGY
Egypt;2017;97553;43;>99;<1;<1;<1;;99;<1;<1;<1;;>99;<1;<1;<1;;-;98;71;-;98;1;-;98;67;-;98;1;-;99;77;-;99;1;1404;EGY
El Salvador;2000;5868;59;78;6;10;5;1,15;56;12;21;12;2,16;93;3;3;<1;0,36;-;72;72;-;71;13;-;47;52;-;44;23;86;89;86;96;90;6;1405;SLV
El Salvador;2017;6378;71;97;<1;<1;2;;92;<1;<1;7;;>99;<1;<1;<1;;-;91;72;-;90;8;-;79;60;-;78;15;77;97;77;>99;95;5;1422;SLV
Equatorial Guinea;2000;614;49;51;2;15;32;0,8;39;2;6;54;-0,47;64;3;24;9;0,83;-;10;-;-;11;42;-;3;-;-;3;37;-;18;-;-;19;47;1423;GNQ
Equatorial Guinea;2017;1268;72;65;3;26;6;;31;1;46;22;;78;4;18;<1;;-;17;-;-;41;27;-;2;-;-;22;10;-;23;-;-;48;34;1440;GNQ
Eritrea;2000;3393;27;47;22;28;4;-;31;27;37;5;-;91;7;2;<1;-;-;27;-;-;28;41;-;9;-;-;14;45;-;75;-;-;67;31;1441;ERI
Eritrea;2017;5069;39;-;-;-;-;;-;-;-;-;;-;-;-;-;;-;-;-;-;-;-;-;-;-;-;-;-;-;-;-;-;-;-;1458;ERI
Estonia;2000;1399;69;>99;<1;<1;<1;0,04;97;<1;3;<1;0,11;>99;<1;<1;<1;0;93;93;>99;97;86;13;-;82;-;-;66;32;-;98;-;-;96;4;1459;EST
Estonia;2017;1310;69;>99;<1;<1;<1;;>99;<1;<1;<1;;>99;<1;<1;<1;;93;97;>99;93;97;3;-;92;-;-;91;8;-;99;-;-;>99;<1;1476;EST
Eswatini;2000;1061;23;53;5;16;27;0,97;43;5;18;34;1,05;87;2;6;5;0,6;-;28;-;-;45;12;-;16;-;-;34;14;67;67;89;81;82;7;1477;SWZ
Eswatini;2017;1367;24;69;9;9;13;;60;12;11;17;;97;<1;1;1;;-;50;-;-;61;17;-;36;-;-;51;22;89;93;98;89;95;3;1494;SWZ
Ethiopia;2000;66537;15;19;6;42;33;1,32;9;5;48;38;1,32;77;11;7;5;0,19;5;5;18;7;17;8;<1;<1;12;2;5;8;31;31;48;35;83;5;1495;ETH
Ethiopia;2017;104957;20;41;28;22;9;;31;31;28;11;;80;17;2;1;;11;18;56;14;36;33;5;5;56;8;23;39;38;72;53;38;87;10;1512;ETH
Falkland Islands (Malvinas);2000;3;68;-;-;-;-;-;-;-;-;-;-;>99;<1;<1;<1;0;-;-;-;-;-;-;-;-;-;-;-;-;-;>99;-;-;>99;<1;1513;FLK
Falkland Islands (Malvinas);2017;3;77;95;<1;5;<1;;78;<1;22;<1;;>99;<1;<1;<1;;-;93;-;-;90;5;-;67;-;-;56;22;-;>99;-;-;>99;<1;1530;FLK
Faroe Islands;2000;47;36;>99;<1;<1;<1;0;-;-;-;-;-;-;-;-;-;-;-;>99;-;-;>99;<1;-;-;-;-;-;-;-;-;-;-;-;-;1531;FRO
Faroe Islands;2017;49;42;>99;<1;<1;<1;;-;-;-;-;;-;-;-;-;;-;>99;-;-;>99;<1;-;-;-;-;-;-;-;-;-;-;-;-;1548;FRO
Fiji;2000;811;48;95;<1;3;2;-0,05;91;<1;5;4;-0,11;99;<1;1;<1;-0,06;-;78;95;-;-;-;-;60;-;-;-;-;-;97;-;-;-;-;1549;FJI
Fiji;2017;906;56;94;<1;4;2;;89;<1;7;4;;98;<1;2;<1;;-;69;94;-;87;7;-;35;-;-;74;14;-;96;-;-;97;<1;1566;FJI
Finland;2000;5188;82;>99;<1;<1;<1;0;>99;<1;<1;<1;0;>99;<1;<1;<1;0;92;>99;-;92;99;1;-;98;-;-;94;6;-;>99;-;-;>99;<1;1567;FIN
Finland;2017;5523;85;>99;<1;<1;<1;;>99;<1;<1;<1;;>99;<1;<1;<1;;>99;>99;-;>99;>99;<1;-;98;-;-;>99;<1;-;>99;-;-;>99;<1;1584;FIN
France;2000;59608;76;>99;<1;<1;<1;0,01;>99;<1;<1;<1;0,03;>99;<1;<1;<1;0;97;>99;-;97;>99;<1;-;>99;-;-;>99;<1;-;>99;-;-;>99;<1;1585;FRA
France;2017;64980;80;>99;<1;<1;<1;;>99;<1;<1;<1;;>99;<1;<1;<1;;98;>99;-;98;>99;<1;-;>99;-;-;>99;<1;-;>99;-;-;>99;<1;1602;FRA
French Guiana;2000;163;79;92;<1;8;<1;0,12;-;-;-;-;-;-;-;-;-;-;89;89;-;92;85;7;-;-;-;-;-;-;-;-;-;-;-;-;1603;GUF
French Guiana;2017;283;85;94;<1;6;<1;;-;-;-;-;;-;-;-;-;;91;91;-;94;88;6;-;-;-;-;-;-;-;-;-;-;-;-;1620;GUF
French Polynesia;2000;237;56;>99;<1;<1;<1;0;-;-;-;-;-;-;-;-;-;-;-;95;-;-;90;10;-;-;-;-;-;-;-;-;-;-;-;-;1621;PYF
French Polynesia;2017;283;62;>99;<1;<1;<1;;-;-;-;-;;-;-;-;-;;-;99;-;-;>99;<1;-;-;-;-;-;-;-;-;-;-;-;-;1638;PYF
Gabon;2000;1231;79;80;4;5;11;0,37;37;4;17;42;1,06;91;4;2;3;-0,08;-;41;-;-;78;5;-;8;-;-;23;18;-;50;-;-;93;1;1639;GAB
Gabon;2017;2025;89;86;8;3;3;;55;13;7;25;;90;7;2;<1;;-;70;-;-;87;7;-;23;-;-;24;44;-;76;-;-;94;2;1656;GAB
Gambia;2000;1232;48;75;10;15;<1;0,18;68;11;21;<1;-0,26;83;8;9;<1;0,28;-;22;-;-;55;30;-;4;-;-;27;52;41;41;-;80;85;6;1657;GMB
Gambia;2017;2101;61;78;9;13;<1;;63;17;20;<1;;87;4;9;<1;;-;44;-;-;72;15;-;8;-;-;53;27;68;68;-;80;84;7;1674;GMB
Georgia;2000;4722;53;93;<1;6;<1;0,32;87;2;11;<1;0,54;98;<1;1;<1;0,1;75;83;-;75;69;25;-;69;-;-;47;41;-;96;-;-;88;10;1675;GEO
Georgia;2017;3912;58;98;<1;2;<1;;96;<1;4;<1;;>99;<1;<1;<1;;80;98;-;84;80;18;-;96;-;-;59;37;-;>99;-;-;96;4;1692;GEO
Germany;2000;81488;75;>99;<1;<1;<1;0;>99;<1;<1;<1;0;>99;<1;<1;<1;0;>99;>99;>99;>99;-;-;-;>99;-;-;-;-;-;>99;-;-;-;-;1693;DEU
Germany;2017;82114;77;>99;<1;<1;<1;;>99;<1;<1;<1;;>99;<1;<1;<1;;>99;>99;>99;>99;>99;<1;-;>99;-;-;>99;<1;-;>99;-;-;>99;<1;1710;DEU
Ghana;2000;18939;44;64;9;9;17;1;54;8;10;28;0,79;78;11;8;4;0,87;13;13;64;44;43;31;<1;<1;56;34;14;48;30;30;76;57;80;9;1711;GHA
Ghana;2017;28834;55;81;8;4;6;;68;13;6;13;;93;5;2;<1;;36;36;78;55;33;57;11;11;72;45;24;57;57;57;83;63;40;58;1728;GHA
Gibraltar;2000;31;100;>99;<1;<1;<1;0;-;-;-;-;-;>99;<1;<1;<1;0;>99;>99;-;>99;>99;<1;-;-;-;-;-;-;>99;>99;-;>99;>99;<1;1729;GIB
Gibraltar;2017;35;100;>99;<1;<1;<1;;-;-;-;-;;>99;<1;<1;<1;;>99;>99;-;>99;>99;<1;-;-;-;-;-;-;>99;>99;-;>99;>99;<1;1746;GIB
Greece;2000;11142;73;>99;<1;<1;<1;0,02;99;<1;1;<1;0,08;>99;<1;<1;<1;0;99;99;-;>99;>99;<1;-;97;-;-;97;1;-;>99;-;-;>99;<1;1747;GRC
Greece;2017;11160;79;>99;<1;<1;<1;;>99;<1;<1;<1;;>99;<1;<1;<1;;>99;>99;-;>99;>99;<1;-;>99;-;-;>99;<1;-;>99;-;-;>99;<1;1764;GRC
Greenland;2000;56;82;>99;<1;<1;<1;0;>99;<1;<1;<1;0;>99;<1;<1;<1;0;94;97;-;94;>99;<1;-;98;-;-;>99;<1;-;97;-;-;>99;<1;1765;GRL
Greenland;2017;56;87;>99;<1;<1;<1;;>99;<1;<1;<1;;>99;<1;<1;<1;;97;97;-;98;>99;<1;-;98;-;-;>99;<1;-;97;-;-;>99;<1;1782;GRL
Grenada;2000;102;36;93;1;6;<1;0,14;-;-;-;-;-;-;-;-;-;-;79;79;90;85;92;3;-;-;-;-;-;-;-;-;-;-;-;-;1783;GRD
Grenada;2017;108;36;96;1;<1;3;;-;-;-;-;;-;-;-;-;;87;90;92;87;92;4;-;-;-;-;-;-;-;-;-;-;-;-;1800;GRD
Guadeloupe;2000;425;98;-;-;-;-;-;-;-;-;-;-;-;-;-;-;-;-;-;-;-;-;-;-;-;-;-;-;-;-;-;-;-;-;-;1801;GLP
Guadeloupe;2017;450;98;>99;<1;<1;<1;;-;-;-;-;;-;-;-;-;;97;>99;-;97;>99;<1;-;-;-;-;-;-;-;-;-;-;-;-;1818;GLP
Guam;2000;155;93;>99;<1;<1;<1;0,02;-;-;-;-;-;-;-;-;-;-;>99;>99;-;>99;>99;<1;-;-;-;-;-;-;-;-;-;-;-;-;1819;GUM
Guam;2017;164;95;>99;<1;<1;<1;;-;-;-;-;;-;-;-;-;;>99;>99;-;>99;-;-;-;-;-;-;-;-;-;-;-;-;-;-;1836;GUM
Guatemala;2000;11651;45;86;<1;10;3;0,5;78;<1;15;6;0,7;95;<1;5;<1;0,19;47;72;50;51;76;10;39;58;46;39;64;15;55;88;55;65;91;4;1837;GTM
Guatemala;2017;16914;51;94;1;3;2;;90;2;5;3;;98;<1;2;<1;;56;87;62;57;80;15;46;79;58;46;68;24;66;95;66;67;92;6;1854;GTM
Guinea;2000;8809;31;63;1;20;16;-0,05;53;<1;24;23;-0,26;84;2;13;<1;0,07;-;7;-;-;21;42;-;<1;-;-;<1;54;-;24;-;-;69;17;1855;GIN
Guinea;2017;12717;36;62;18;9;11;;49;21;13;18;;86;12;2;<1;;-;39;-;-;28;52;-;20;-;-;7;62;-;73;-;-;65;33;1872;GIN
Guinea-Bissau;2000;1243;36;53;4;40;3;0,78;41;4;51;4;0,71;74;4;21;<1;0,57;-;15;-;-;20;37;-;4;-;-;6;39;-;35;-;-;46;32;1873;GNB
Guinea-Bissau;2017;1861;43;67;7;26;<1;;53;7;39;<1;;84;7;9;<1;;-;30;-;-;-;-;-;12;-;-;-;-;-;54;-;-;-;-;1890;GNB
Guyana;2000;753;29;88;2;5;5;0,45;86;2;6;6;0,47;93;2;4;<1;0,42;-;75;-;-;68;22;-;74;-;-;64;24;-;78;95;-;79;16;1891;GUY
Guyana;2017;778;27;96;1;1;2;;94;2;2;3;;>99;<1;<1;<1;;-;94;-;-;65;31;-;92;-;-;58;38;-;>99;>99;-;87;13;1908;GUY
Haiti;2000;8549;36;56;7;21;16;0,54;40;9;28;22;0,13;85;4;7;4;-0,01;-;19;52;-;43;20;-;10;39;-;30;19;-;35;75;-;67;22;1909;HTI
Haiti;2017;10981;54;65;10;25;<1;;43;13;45;<1;;85;7;8;<1;;-;10;63;-;23;52;-;8;44;-;25;31;-;11;78;-;21;71;1926;HTI
Holy See;2000;1;100;-;-;-;-;-;-;-;-;-;-;-;-;-;-;-;-;-;-;-;-;-;-;-;-;-;-;-;-;-;-;-;-;-;1927;VAT
Holy See;2017;1;100;-;-;-;-;;-;-;-;-;;-;-;-;-;;-;-;-;-;-;-;-;-;-;-;-;-;-;-;-;-;-;-;1944;VAT
Honduras;2000;6524;45;85;<1;11;4;0,59;76;<1;17;7;0,76;95;<1;4;<1;0,24;-;82;56;-;78;7;16;72;59;16;65;11;-;93;52;-;93;3;1945;HND
Honduras;2017;9265;56;95;<1;5;<1;;89;<1;10;<1;;>99;<1;<1;<1;;-;88;60;-;90;5;19;78;68;19;82;7;-;96;54;-;96;3;1962;HND
Hungary;2000;10221;65;>99;<1;<1;<1;0;>99;<1;<1;<1;0,01;>99;<1;<1;<1;0;51;94;>99;51;94;6;-;91;>99;-;91;9;-;96;>99;-;96;4;1963;HUN
Hungary;2017;9722;71;>99;<1;<1;<1;;>99;<1;<1;<1;;>99;<1;<1;<1;;90;>99;>99;90;>99;<1;-;>99;>99;-;>99;<1;-;>99;>99;-;>99;<1;1980;HUN
Iceland;2000;280;92;>99;<1;<1;<1;0;>99;<1;<1;<1;0;>99;<1;<1;<1;0;90;>99;-;90;>99;<1;-;>99;-;-;>99;<1;-;>99;-;-;>99;<1;1981;ISL
Iceland;2017;335;94;>99;<1;<1;<1;;>99;<1;<1;<1;;>99;<1;<1;<1;;>99;>99;-;>99;>99;<1;-;>99;-;-;>99;<1;-;>99;-;-;>99;<1;1998;ISL
India;2000;1053051;28;79;5;14;1;0,8;74;6;18;2;0,98;91;3;5;<1;0,27;-;33;70;-;44;40;20;20;63;48;33;47;-;68;88;-;74;21;1999;IND
India;2017;1339180;34;93;<1;6;<1;;91;<1;7;<1;;96;<1;3;<1;;-;63;82;-;44;50;56;56;79;67;32;60;-;77;87;-;68;28;2016;IND
Indonesia;2000;211540;42;76;<1;20;4;0,81;66;<1;28;6;0,96;90;<1;9;<1;0,35;-;61;72;-;20;56;-;47;61;-;6;60;-;80;88;-;40;50;2017;IDN
Indonesia;2017;263991;55;89;1;8;2;;82;2;13;3;;95;1;3;<1;;-;54;87;-;18;72;-;54;78;-;13;71;-;54;95;-;23;74;2034;IDN
Iran (Islamic Republic of);2000;66132;64;95;2;3;<1;0,02;90;4;6;<1;-0,04;98;1;<1;<1;-0,03;91;91;-;92;92;5;83;83;-;85;86;8;95;95;-;96;96;4;2035;IRN
Iran (Islamic Republic of);2017;81163;74;95;2;3;<1;;89;4;7;<1;;97;1;1;<1;;92;92;-;92;92;5;83;83;-;84;82;11;95;95;-;95;96;3;2052;IRN
Iraq;2000;23565;68;81;<1;7;12;0,92;53;3;13;32;2,25;94;<1;4;2;0,3;50;75;50;50;77;4;27;34;27;27;41;14;61;94;61;61;94;<1;2053;IRQ
Iraq;2017;38275;70;97;1;<1;1;;91;4;<1;4;;99;<1;<1;<1;;59;82;74;59;80;18;46;75;66;46;68;27;64;86;78;64;84;15;2070;IRQ
Ireland;2000;3849;59;97;<1;3;<1;0,01;97;<1;3;<1;0,04;97;<1;3;<1;0;93;97;-;93;97;<1;-;97;-;-;97;<1;-;97;-;-;97;<1;2071;IRL
Ireland;2017;4762;63;97;<1;3;<1;;98;<1;2;<1;;97;<1;3;<1;;97;97;-;97;97;<1;-;98;-;-;98;<1;-;97;-;-;97;<1;2088;IRL
Isle of Man;2000;73;52;-;-;-;-;-;-;-;-;-;-;-;-;-;-;-;-;-;-;-;-;-;-;-;-;-;-;-;-;-;-;-;-;-;2089;IMN
Isle of Man;2017;84;52;>99;<1;<1;<1;;-;-;-;-;;-;-;-;-;;97;97;-;>99;98;<1;-;-;-;-;-;-;-;-;-;-;-;-;2106;IMN
Israel;2000;6014;91;>99;<1;<1;<1;0;>99;<1;<1;<1;0;>99;<1;<1;<1;0;>99;>99;-;>99;>99;<1;>99;>99;-;>99;>99;<1;>99;>99;-;>99;>99;<1;2107;ISR
Israel;2017;8322;92;>99;<1;<1;<1;;>99;<1;<1;<1;;>99;<1;<1;<1;;>99;>99;-;>99;>99;<1;>99;>99;-;>99;>99;<1;>99;>99;-;>99;>99;<1;2124;ISR
Italy;2000;57294;67;>99;<1;<1;<1;-0,03;>99;<1;<1;<1;-0,04;>99;<1;<1;<1;-0,03;86;98;86;97;-;-;-;98;-;-;-;-;-;98;-;-;-;-;2125;ITA
Italy;2017;59360;70;>99;<1;<1;<1;;>99;<1;<1;<1;;>99;<1;<1;<1;;95;97;95;95;-;-;-;97;-;-;-;-;-;98;-;-;-;-;2142;ITA
Jamaica;2000;2657;52;93;<1;3;3;-0,15;88;1;5;6;-0,21;98;<1;2;<1;-0,13;-;84;65;-;78;16;-;73;-;-;59;30;-;93;74;-;95;3;2143;JAM
Jamaica;2017;2890;55;91;5;2;2;;85;8;3;4;;96;3;1;<1;;-;84;46;-;84;12;-;72;-;-;72;21;-;93;52;-;93;5;2160;JAM
Japan;2000;127534;79;98;<1;2;<1;0,03;-;-;-;-;-;-;-;-;-;-;98;98;-;98;97;1;-;-;-;-;-;-;-;-;-;-;-;-;2161;JPN
Japan;2017;127484;92;>99;<1;<1;<1;;-;-;-;-;;-;-;-;-;;98;98;-;>99;98;1;-;-;-;-;-;-;-;-;-;-;-;-;2178;JPN
Jordan;2000;5103;78;>99;<1;<1;<1;-0,03;98;<1;2;<1;-0,04;>99;<1;<1;<1;-0,04;94;95;94;98;96;4;-;89;91;-;85;13;-;97;95;-;98;1;2179;JOR
Jordan;2017;9702;91;99;<1;<1;<1;;98;<1;2;<1;;>99;<1;<1;<1;;94;95;94;98;88;11;-;89;90;-;79;19;-;96;94;-;89;10;2196;JOR
Kazakhstan;2000;15057;56;85;6;7;2;0,65;72;11;13;4;1,17;94;3;3;<1;0,23;58;58;-;88;63;28;-;23;-;-;29;55;-;84;-;-;90;6;2197;KAZ
Kazakhstan;2017;18204;57;96;2;3;<1;;92;1;6;<1;;98;2;<1;<1;;90;90;-;97;81;17;-;84;-;-;63;31;-;94;-;-;94;6;2214;KAZ
Kenya;2000;31450;20;47;6;16;30;0,68;37;7;19;37;0,73;88;4;6;2;-0,2;-;25;37;-;31;22;-;15;31;-;18;26;62;65;62;78;84;8;2215;KEN
Kenya;2017;49700;27;59;9;12;20;;50;11;15;25;;85;4;5;6;;-;24;57;-;32;36;-;15;51;-;21;39;50;50;72;75;62;27;2232;KEN
Kiribati;2000;84;43;50;<1;49;<1;1,27;-;-;-;-;-;-;-;-;-;-;-;43;-;-;29;22;-;-;-;-;-;-;-;-;-;-;-;-;2233;KIR
Kiribati;2017;116;53;72;<1;27;<1;;-;-;-;-;;-;-;-;-;;-;61;-;-;24;49;-;-;-;-;-;-;-;-;-;-;-;-;2250;KIR
Kuwait;2000;2051;99;>99;<1;<1;<1;0;-;-;-;-;-;-;-;-;-;-;>99;>99;>99;>99;-;-;-;-;-;-;-;-;-;-;-;-;-;-;2251;KWT
Kuwait;2017;4137;100;>99;<1;<1;<1;;-;-;-;-;;-;-;-;-;;>99;>99;>99;>99;-;-;-;-;-;-;-;-;-;-;-;-;-;-;2268;KWT
Kyrgyzstan;2000;4921;35;81;1;5;14;0,4;73;1;5;21;0,53;95;<1;5;<1;0,14;46;46;-;72;39;43;28;28;-;64;21;53;80;80;-;88;72;24;2269;KGZ
Kyrgyzstan;2017;6045;36;87;2;2;9;;82;2;3;13;;97;<1;<1;2;;68;68;-;83;89;<1;54;54;-;76;84;<1;94;94;-;96;98;<1;2286;KGZ
Lao People's Democratic Republic;2000;5329;22;47;<1;27;26;2,09;38;1;29;32;2,21;77;<1;18;5;1,04;5;8;46;9;12;36;<1;<1;37;5;5;34;21;33;76;21;38;40;2287;LAO
Lao People's Democratic Republic;2017;6858;34;82;<1;14;3;;76;1;19;4;;94;<1;5;<1;;16;73;80;16;49;33;11;61;73;11;32;45;26;94;93;26;82;12;2304;LAO
Latvia;2000;2384;68;98;<1;2;<1;0,05;96;<1;4;<1;0,14;99;<1;<1;<1;0;93;93;-;97;83;16;-;82;-;-;59;37;-;98;-;-;94;6;2305;LVA
Latvia;2017;1950;68;99;<1;<1;<1;;98;<1;2;<1;;99;<1;<1;<1;;95;95;-;>99;92;7;-;89;-;-;81;17;-;98;-;-;97;3;2322;LVA
Lebanon;2000;3235;86;85;7;8;<1;0,42;-;-;-;-;-;-;-;-;-;-;44;83;65;44;83;9;-;-;-;-;-;-;-;-;-;-;-;-;2323;LBN
Lebanon;2017;6082;88;93;7;<1;<1;;-;-;-;-;;-;-;-;-;;48;90;91;48;87;13;-;-;-;-;-;-;-;-;-;-;-;-;2340;LBN
Lesotho;2000;1869;20;67;12;21;<1;0,07;64;12;24;<1;-0,3;80;13;7;<1;0,76;-;9;-;-;63;17;-;1;-;-;58;18;-;39;-;-;84;9;2341;LSO
Lesotho;2017;2233;28;69;10;14;7;;59;13;18;10;;93;<1;6;<1;;-;25;-;-;63;15;-;6;-;-;54;19;-;74;-;-;89;5;2358;LSO
Liberia;2000;2885;44;62;4;18;16;0,63;50;1;23;26;0,73;78;6;12;4;0,33;-;7;-;-;13;53;-;6;-;-;3;47;-;9;-;-;25;60;2359;LBR
Liberia;2017;4732;51;73;8;6;13;;62;6;6;26;;84;10;6;<1;;-;14;-;-;5;76;-;5;-;-;<1;68;-;22;-;-;9;85;2376;LBR
Libya;2000;5356;76;84;<1;16;<1;0,84;-;-;-;-;-;-;-;-;-;-;-;74;-;-;51;33;-;-;-;-;-;-;-;-;-;-;-;-;2377;LBY
Libya;2017;6375;80;99;<1;1;<1;;-;-;-;-;;-;-;-;-;;-;87;-;-;40;59;-;-;-;-;-;-;-;-;-;-;-;-;2394;LBY
Liechtenstein;2000;33;15;>99;<1;<1;<1;0;-;-;-;-;-;-;-;-;-;-;>99;>99;-;>99;>99;<1;-;-;-;-;-;-;-;-;-;-;-;-;2395;LIE
Liechtenstein;2017;38;14;>99;<1;<1;<1;;-;-;-;-;;-;-;-;-;;>99;>99;-;>99;>99;<1;-;-;-;-;-;-;-;-;-;-;-;-;2412;LIE
Lithuania;2000;3502;67;90;<1;10;<1;0,46;75;<1;25;<1;1,02;97;<1;3;<1;0,18;69;79;-;69;80;10;-;51;-;-;52;23;-;92;-;-;94;3;2413;LTU
Lithuania;2017;2890;68;98;<1;2;<1;;93;<1;7;<1;;>99;<1;<1;<1;;92;94;-;92;95;3;-;85;-;-;85;8;-;>99;-;-;>99;<1;2430;LTU
Luxembourg;2000;436;84;>99;<1;<1;<1;-0,01;>99;<1;<1;<1;-0,07;>99;<1;<1;<1;0;>99;>99;-;>99;>99;<1;>99;>99;-;>99;>99;<1;>99;>99;-;>99;>99;<1;2431;LUX
Luxembourg;2017;583;91;>99;<1;<1;<1;;99;<1;1;<1;;>99;<1;<1;<1;;>99;>99;-;>99;>99;<1;97;97;-;99;98;1;>99;>99;-;>99;>99;<1;2448;LUX
Madagascar;2000;15767;27;36;3;21;41;1,1;24;2;24;50;0,74;68;5;12;15;1,05;-;6;30;-;24;14;-;1;20;-;11;15;-;17;54;-;59;14;2449;MDG
Madagascar;2017;25571;37;54;1;32;13;;36;<1;43;20;;86;2;12;<1;;-;27;42;-;36;20;-;16;29;-;16;21;-;47;66;-;70;18;2466;MDG
Malawi;2000;11376;15;53;14;25;8;0,93;47;15;28;9;1,07;86;7;6;<1;-0,01;-;7;50;-;22;45;-;2;51;-;13;50;-;35;42;-;78;15;2467;MWI
Malawi;2017;18622;17;69;20;9;2;;65;22;10;3;;86;10;4;<1;;-;15;67;-;22;67;-;8;71;-;10;78;-;51;43;-;81;14;2484;MWI
Malaysia;2000;23186;62;97;<1;1;<1;-0,04;94;<1;3;2;-0,28;>99;<1;<1;<1;-0,02;93;93;-;97;93;4;-;86;-;-;85;10;-;97;-;-;98;1;2485;MYS
Malaysia;2017;31624;75;97;<1;3;-;;89;<1;10;-;;>99;<1;<1;<1;;93;93;-;97;95;3;-;81;-;-;81;9;-;97;-;-;99;<1;2502;MYS
Maldives;2000;280;28;92;<1;7;<1;0,4;90;<1;9;<1;0,56;98;<1;2;<1;0,02;-;89;68;-;23;70;-;86;61;-;3;87;-;97;86;-;75;24;2503;MDV
Maldives;2017;436;39;>99;<1;<1;<1;;>99;<1;<1;<1;;98;<1;2;<1;;-;97;75;-;48;52;-;96;67;-;15;85;-;98;86;-;98;<1;2520;MDV
Mali;2000;10968;28;49;4;43;4;1,74;38;5;52;6;1,79;76;2;20;1;0,94;-;20;45;-;21;31;-;10;39;-;7;36;-;44;59;-;58;21;2521;MLI
Mali;2017;18542;42;78;5;15;2;;68;4;24;3;;92;5;3;<1;;-;33;67;-;45;37;-;17;62;-;20;53;-;55;74;-;82;16;2538;MLI
Malta;2000;397;92;>99;<1;<1;<1;0;>99;<1;<1;<1;0;>99;<1;<1;<1;0;>99;>99;-;>99;>99;<1;-;>99;-;-;>99;<1;-;>99;>99;-;>99;<1;2539;MLT
Malta;2017;431;95;>99;<1;<1;<1;;>99;<1;<1;<1;;>99;<1;<1;<1;;>99;>99;-;>99;>99;<1;-;>99;-;-;>99;<1;-;>99;>99;-;>99;<1;2556;MLT
Marshall Islands;2000;52;69;-;-;-;-;-;-;-;-;-;-;-;-;-;-;-;-;-;-;-;-;-;-;-;-;-;<1;-;-;-;-;-;-;-;2557;MHL
Marshall Islands;2017;53;77;88;11;<1;<1;;94;5;<1;<1;;87;13;<1;<1;;-;83;-;-;12;87;-;89;-;-;10;89;-;81;-;-;13;87;2574;MHL
Martinique;2000;387;90;>99;<1;<1;<1;0,05;-;-;-;-;-;-;-;-;-;-;99;>99;-;99;92;7;-;-;-;-;-;-;-;-;-;-;-;-;2575;MTQ
Martinique;2017;385;89;>99;<1;<1;<1;;-;-;-;-;;-;-;-;-;;99;>99;-;99;>99;<1;-;-;-;-;-;-;-;-;-;-;-;-;2592;MTQ
Mauritania;2000;2709;38;41;18;34;7;1,75;25;14;52;10;1,46;67;26;6;1;1,31;-;29;-;-;26;33;-;15;-;-;15;24;-;51;-;-;44;48;2593;MRT
Mauritania;2017;4420;53;71;14;16;<1;;50;18;32;<1;;89;9;1;<1;;-;42;-;-;52;32;-;29;-;-;37;31;-;54;-;-;66;33;2610;MRT
Mauritius;2000;1185;43;>99;<1;<1;<1;0,03;99;<1;<1;<1;0,05;>99;<1;<1;<1;0,01;-;>99;72;-;>99;<1;-;99;-;-;99;<1;-;>99;-;-;>99;<1;2611;MUS
Mauritius;2017;1265;41;>99;<1;<1;<1;;>99;<1;<1;<1;;>99;<1;<1;<1;;-;>99;73;-;>99;<1;-;>99;-;-;>99;<1;-;>99;-;-;>99;<1;2628;MUS
Mayotte;2000;150;48;-;-;-;-;-;-;-;-;-;-;-;-;-;-;-;-;-;-;-;-;-;-;-;-;-;-;-;-;-;-;-;-;-;2629;MYT
Mayotte;2017;253;46;97;<1;<1;3;;-;-;-;-;;-;-;-;-;;84;84;-;93;95;2;-;-;-;-;-;-;-;-;-;-;-;-;2646;MYT
Mexico;2000;101720;75;89;1;7;3;0,6;73;3;14;9;1,38;94;<1;5;<1;0,33;39;80;70;39;84;6;-;58;59;-;63;14;-;88;74;-;91;4;2647;MEX
Mexico;2017;129163;80;>99;<1;<1;<1;;97;<1;3;<1;;>99;<1;<1;<1;;43;95;69;43;96;3;-;84;60;-;88;9;-;98;72;-;98;2;2664;MEX
Micronesia (Federated States of);2000;107;22;88;<1;12;-;-0,54;-;-;-;-;-;-;-;-;-;-;-;57;72;-;37;50;-;-;-;-;-;-;-;-;-;-;-;-;2665;FSM
Micronesia (Federated States of);2017;106;23;79;<1;21;-;;-;-;-;-;;-;-;-;-;;-;56;65;-;-;-;-;-;-;-;-;-;-;-;-;-;-;-;2682;FSM
Monaco;2000;32;100;>99;<1;<1;<1;0;-;-;-;-;-;>99;<1;<1;<1;0;>99;>99;-;>99;>99;<1;-;-;-;-;-;-;>99;>99;-;>99;>99;<1;2683;MCO
Monaco;2017;39;100;>99;<1;<1;<1;;-;-;-;-;;>99;<1;<1;<1;;>99;>99;-;>99;>99;<1;-;-;-;-;-;-;>99;>99;-;>99;>99;<1;2700;MCO
Mongolia;2000;2397;57;62;9;11;19;1,26;29;9;21;41;1,59;87;8;3;2;0,56;22;22;-;67;29;41;-;1;-;-;3;35;-;38;-;-;49;46;2701;MNG
Mongolia;2017;3076;68;83;2;8;7;;56;3;19;21;;96;2;2;<1;;24;24;-;81;25;60;-;8;-;-;5;54;-;31;-;-;34;63;2718;MNG
Montenegro;2000;614;59;-;-;-;-;-;-;-;-;-;-;-;-;-;-;-;-;-;-;-;-;-;-;-;-;-;-;-;-;-;-;-;-;-;2719;MNE
Montenegro;2017;629;66;97;3;<1;<1;;>99;<1;<1;<1;;96;4;<1;<1;;94;96;-;94;85;15;-;>99;-;-;67;33;94;94;-;>99;94;6;2736;MNE
Montserrat;2000;5;2;99;<1;1;<1;-;-;-;-;-;-;-;-;-;-;-;-;99;-;-;99;<1;-;-;-;-;-;-;-;-;-;-;-;-;2737;MSR
Montserrat;2017;5;9;-;-;-;-;;-;-;-;-;;-;-;-;-;;-;-;-;-;-;-;-;-;-;-;-;-;-;-;-;-;-;-;2754;MSR
Morocco;2000;28850;53;62;6;29;2;1,44;28;9;57;5;2,49;92;3;5;<1;0,27;55;55;67;61;59;9;19;19;34;31;19;19;86;86;95;87;95;<1;2755;MAR
Morocco;2017;35740;62;87;4;6;3;;71;8;13;8;;97;2;2;<1;;70;70;88;81;78;13;40;40;71;65;52;27;89;89;98;90;94;4;2772;MAR
Mozambique;2000;18068;29;20;4;60;17;2,11;4;2;73;21;2,11;58;7;29;5;1,52;-;9;-;-;19;4;-;<1;-;-;5;1;-;29;-;-;55;10;2773;MOZ
Mozambique;2017;29669;35;56;15;16;13;;40;18;23;19;;84;9;5;2;;-;21;-;-;36;35;-;7;-;-;14;44;-;48;-;-;75;19;2790;MOZ
Myanmar;2000;46095;27;46;20;17;17;2,09;38;21;20;21;2,29;68;15;9;7;1,44;-;28;-;-;12;54;-;19;-;-;7;52;-;51;-;-;26;58;2791;MMR
Myanmar;2017;53371;30;82;<1;9;9;;77;<1;12;11;;93;<1;4;3;;-;55;-;-;25;57;-;44;-;-;10;66;-;80;-;-;57;36;2808;MMR
Namibia;2000;1899;32;77;7;7;9;0,35;66;11;10;13;0,16;98;<1;1;<1;-0,09;-;43;-;-;70;14;-;24;-;-;57;20;-;82;-;-;98;<1;2809;NAM
Namibia;2017;2534;49;83;7;4;6;;69;12;7;12;;96;2;<1;<1;;-;60;-;-;79;10;-;46;-;-;62;19;-;75;-;-;98;1;2826;NAM
Nauru;2000;10;100;96;<1;4;<1;0,22;-;-;-;-;-;96;<1;4;<1;0,22;-;95;-;-;-;-;-;-;-;-;-;-;-;95;-;-;-;-;2827;NRU
Nauru;2017;11;100;>99;<1;<1;<1;;-;-;-;-;;>99;<1;<1;<1;;-;99;-;-;53;47;-;-;-;-;-;-;-;99;-;-;53;47;2844;NRU
Nepal;2000;23741;13;80;1;15;3;0,52;78;1;17;3;0,63;93;<1;5;1;-0,23;24;43;74;24;45;36;22;38;73;22;43;37;35;75;79;35;63;31;2845;NPL
Nepal;2017;29305;19;89;3;7;2;;89;3;6;2;;89;3;7;1;;27;65;82;27;47;44;26;63;82;26;46;46;34;72;79;34;55;36;2862;NPL
Netherlands;2000;15926;77;>99;<1;<1;<1;0;>99;<1;<1;<1;0;>99;<1;<1;<1;0;>99;>99;-;>99;>99;<1;-;>99;-;-;>99;<1;-;>99;-;-;>99;<1;2863;NLD
Netherlands;2017;17036;91;>99;<1;<1;<1;;>99;<1;<1;<1;;>99;<1;<1;<1;;>99;>99;-;>99;>99;<1;-;>99;-;-;>99;<1;-;>99;-;-;>99;<1;2880;NLD
New Caledonia;2000;213;62;95;<1;5;<1;0,28;-;-;-;-;-;-;-;-;-;-;86;86;-;92;89;5;-;-;-;-;-;-;-;-;-;-;-;-;2881;NCL
New Caledonia;2017;276;70;>99;<1;<1;<1;;-;-;-;-;;-;-;-;-;;97;98;-;97;99;<1;-;-;-;-;-;-;-;-;-;-;-;-;2898;NCL
New Zealand;2000;3859;86;>99;<1;<1;<1;0;>99;<1;<1;<1;0;>99;<1;<1;<1;0;78;>99;-;78;>99;<1;-;>99;-;-;>99;<1;-;>99;>99;-;>99;<1;2899;NZL
New Zealand;2017;4706;86;>99;<1;<1;<1;;>99;<1;<1;<1;;>99;<1;<1;<1;;>99;>99;-;>99;>99;<1;-;>99;-;-;>99;<1;-;>99;>99;-;>99;<1;2916;NZL
Nicaragua;2000;5027;55;81;<1;14;4;0,02;63;1;26;9;-0,25;96;<1;4;<1;0,11;48;60;54;64;67;15;26;26;40;30;38;26;66;87;66;92;91;5;2917;NIC
Nicaragua;2017;6218;58;82;2;14;3;;59;4;30;8;;98;<1;2;<1;;52;79;55;67;69;14;29;54;39;29;33;30;67;97;67;94;96;2;2934;NIC
Niger;2000;11353;16;36;5;57;2;0,86;24;5;68;2;1,13;94;2;4;<1;-0,57;-;8;28;-;21;19;-;2;22;-;9;21;-;40;60;-;86;11;2935;NER
Niger;2017;21477;16;50;15;31;4;;44;16;37;4;;84;11;2;2;;-;17;49;-;33;33;-;9;45;-;23;37;-;62;67;-;83;13;2952;NER
Nigeria;2000;122352;35;48;9;18;24;1,37;35;6;26;34;1,22;73;15;5;7;0,85;15;17;50;17;17;40;11;11;35;14;6;34;23;27;79;23;37;51;2953;NGA
Nigeria;2017;190886;50;71;7;15;7;;56;8;23;13;;87;5;6;2;;20;24;69;23;11;67;16;16;55;21;8;56;25;33;83;25;15;78;2970;NGA
Niue;2000;2;33;>99;<1;<1;<1;-0,06;-;-;-;-;-;-;-;-;-;-;98;>99;>99;98;>99;<1;-;-;-;-;-;-;-;-;-;-;-;-;2971;NIU
Niue;2017;2;44;98;<1;2;<1;;-;-;-;-;;-;-;-;-;;97;98;98;97;87;11;-;-;-;-;-;-;-;-;-;-;-;-;2988;NIU
North Macedonia;2000;2035;59;>99;<1;<1;<1;-0,36;99;<1;1;<1;-0,11;>99;<1;<1;<1;-0,55;97;97;-;>99;93;7;95;95;-;99;85;14;99;99;>99;>99;98;2;2989;MKD
North Macedonia;2017;2083;58;93;6;<1;<1;;97;2;1;<1;;91;9;<1;<1;;81;92;-;86;93;7;69;94;-;69;85;14;90;90;98;99;98;1;3006;MKD
Northern Mariana Islands;2000;69;90;97;<1;3;<1;0,19;-;-;-;-;-;-;-;-;-;-;82;97;82;93;97;<1;-;-;-;-;-;-;-;-;-;-;-;-;3007;MNP
Northern Mariana Islands;2017;55;92;>99;<1;<1;<1;;-;-;-;-;;-;-;-;-;;90;94;90;>99;90;10;-;-;-;-;-;-;-;-;-;-;-;-;3024;MNP
Norway;2000;4499;76;>99;<1;<1;<1;0;>99;<1;<1;<1;0;>99;<1;<1;<1;0;>99;>99;-;>99;>99;<1;-;>99;-;-;>99;<1;-;>99;-;-;>99;<1;3025;NOR
Norway;2017;5305;82;>99;<1;<1;<1;;>99;<1;<1;<1;;>99;<1;<1;<1;;98;>99;-;98;>99;<1;-;>99;-;-;>99;<1;-;>99;-;-;>99;<1;3042;NOR
Oman;2000;2268;72;-;-;-;-;-;-;-;-;-;-;-;-;-;-;-;-;-;-;-;-;-;-;-;-;-;-;-;-;-;-;-;-;-;3043;OMN
Oman;2017;4636;84;92;8;<1;<1;;78;22;<1;<1;;95;5;<1;<1;;90;90;-;98;90;10;-;75;-;-;74;26;-;93;>99;-;93;7;3060;OMN
Pakistan;2000;138523;33;86;5;4;5;0,32;81;6;5;7;0,49;95;3;1;<1;-0,05;38;83;-;38;37;54;32;77;-;32;22;66;51;94;-;51;67;32;3061;PAK
Pakistan;2017;197016;36;91;<1;6;2;;90;<1;6;3;;94;<1;5;<1;;35;77;-;35;28;64;33;75;-;33;15;75;40;81;-;40;51;43;3078;PAK
Palau;2000;19;70;91;<1;9;<1;0,55;78;<1;22;<1;1,29;96;<1;4;<1;0,23;-;60;91;-;-;-;-;55;-;-;-;-;-;62;96;-;96;<1;3079;PLW
Palau;2017;22;79;>99;<1;<1;<1;;>99;<1;<1;<1;;>99;<1;<1;<1;;-;>99;>99;-;>99;<1;-;>99;-;-;97;3;-;>99;>99;-;>99;<1;3096;PLW
Panama;2000;3030;62;88;<1;7;5;0,48;75;<1;14;12;1,08;97;<1;3;<1;0,09;-;84;77;-;88;<1;-;70;65;-;75;<1;-;93;84;-;96;<1;3097;PAN
Panama;2017;4099;67;96;2;1;<1;;93;2;3;2;;98;2;<1;<1;;-;96;84;-;93;5;-;91;80;-;82;13;-;98;86;-;98;2;3114;PAN
Papua New Guinea;2000;5572;13;34;1;26;38;0,43;27;1;29;44;0,48;83;4;11;2;0,16;-;18;-;-;20;15;-;14;-;-;12;16;-;43;87;-;76;10;3115;PNG
Papua New Guinea;2017;8251;13;41;2;6;51;;35;1;6;58;;86;4;3;7;;-;22;-;-;18;25;-;19;-;-;13;23;-;44;89;-;55;34;3132;PNG
Paraguay;2000;5303;55;75;<1;22;3;1,43;53;<1;41;7;2,73;94;<1;6;<1;0,37;49;73;65;49;50;25;27;49;43;27;19;34;68;92;83;68;76;18;3133;PRY
Paraguay;2017;6811;61;>99;<1;<1;<1;;>99;<1;<1;<1;;>99;<1;<1;<1;;64;96;86;64;94;6;51;93;84;51;88;12;72;98;88;72;97;3;3150;PRY
Peru;2000;25915;73;81;1;11;7;0,61;51;1;23;25;1,43;92;1;7;<1;0,24;45;73;67;45;70;12;14;37;42;14;31;21;57;87;76;57;84;8;3151;PER
Peru;2017;32165;78;91;1;5;3;;76;2;12;11;;96;<1;3;<1;;50;84;73;50;87;5;21;69;58;21;68;9;59;89;77;59;93;4;3168;PER
Philippines;2000;77992;46;86;4;8;3;0,47;79;4;11;5;0,63;93;3;3;<1;0,28;36;36;79;44;49;40;21;21;74;30;32;51;53;53;85;60;69;27;3169;PHL
Philippines;2017;104918;47;94;2;5;<1;;90;3;7;<1;;98;<1;1;<1;;47;73;85;47;40;55;34;61;81;34;34;58;61;86;90;61;47;52;3186;PHL
Poland;2000;38550;62;-;-;-;-;-;-;-;-;-;-;-;-;-;-;-;-;-;-;-;96;-;-;-;-;-;91;-;-;-;-;-;99;-;3187;POL
Poland;2017;38171;60;>99;<1;<1;<1;;>99;<1;<1;<1;;>99;<1;<1;<1;;>99;>99;-;>99;99;1;-;98;-;-;97;2;-;>99;-;-;>99;<1;3204;POL
Portugal;2000;10355;54;99;<1;1;<1;0,08;98;<1;2;<1;0,07;99;<1;1;<1;0,08;93;98;93;97;98;<1;-;97;90;-;98;<1;-;98;96;-;99;<1;3205;PRT
Portugal;2017;10330;65;>99;<1;<1;<1;;>99;<1;<1;<1;;>99;<1;<1;<1;;95;>99;95;99;>99;<1;-;99;91;-;>99;<1;-;>99;98;-;>99;<1;3222;PRT
Puerto Rico;2000;3797;94;97;<1;3;<1;0;-;-;-;-;-;-;-;-;-;-;75;94;75;97;94;3;-;-;-;-;-;-;-;-;-;-;-;-;3223;PRI
Puerto Rico;2017;3663;94;97;<1;3;<1;;-;-;-;-;;-;-;-;-;;94;94;97;97;94;3;-;-;-;-;-;-;-;-;-;-;-;-;3240;PRI
Qatar;2000;592;96;>99;<1;<1;<1;-0,03;-;-;-;-;-;-;-;-;-;-;97;97;>99;98;-;-;-;-;-;-;-;-;-;-;-;-;-;-;3241;QAT
Qatar;2017;2639;99;>99;<1;<1;<1;;-;-;-;-;;-;-;-;-;;96;96;>99;98;>99;<1;-;-;-;-;-;-;-;-;-;-;-;-;3258;QAT
Republic of Korea;2000;47386;80;-;-;-;-;-;-;-;-;-;-;-;-;-;-;-;-;-;-;-;-;-;-;-;-;-;-;-;-;-;-;-;-;-;3259;KOR
Republic of Korea;2017;50982;82;>99;<1;<1;<1;;-;-;-;-;;-;-;-;-;;98;>99;>99;98;99;<1;-;-;-;-;-;-;-;-;-;-;-;-;3276;KOR
Republic of Moldova;2000;4201;45;83;1;15;<1;0,34;74;2;25;<1;0,56;95;1;4;<1;0,11;40;40;81;76;36;48;-;14;73;-;<1;75;-;74;91;-;81;15;3277;MDA
Republic of Moldova;2017;4051;43;89;1;9;<1;;83;1;15;<1;;97;2;1;<1;;73;73;87;75;66;24;-;62;82;-;48;37;-;88;93;-;91;8;3294;MDA
RŽunion;2000;737;91;>99;<1;<1;<1;0,02;-;-;-;-;-;-;-;-;-;-;96;>99;-;96;-;-;-;-;-;-;-;-;-;-;-;-;-;-;3295;REU
RŽunion;2017;877;100;>99;<1;<1;<1;;-;-;-;-;;-;-;-;-;;96;>99;-;96;>99;<1;-;-;-;-;-;-;-;-;-;-;-;-;3312;REU
Romania;2000;22128;53;>99;<1;<1;<1;0;>99;<1;<1;<1;0;>99;<1;<1;<1;0;82;82;-;95;56;44;-;67;-;-;17;83;-;95;-;-;91;9;3313;ROU
Romania;2017;19679;54;>99;<1;<1;<1;;>99;<1;<1;<1;;>99;<1;<1;<1;;82;82;-;>99;65;35;-;67;-;-;35;65;-;95;-;-;90;10;3330;ROU
Russian Federation;2000;146397;73;95;<1;4;<1;0,12;85;1;11;2;0,46;99;<1;<1;<1;0;75;75;-;94;79;17;-;52;-;-;44;42;-;83;-;-;92;7;3331;RUS
Russian Federation;2017;143990;74;97;<1;2;-;;93;2;6;-;;99;<1;<1;<1;;76;76;-;96;94;4;-;57;-;-;88;6;-;83;-;-;96;3;3348;RUS
Rwanda;2000;8026;15;45;21;14;19;0,72;41;22;16;21;0,69;71;13;8;8;0,68;-;4;-;-;37;30;-;<1;-;-;31;32;24;24;84;79;68;16;3349;RWA
Rwanda;2017;12208;17;58;22;14;6;;53;24;16;7;;82;10;7;1;;-;11;-;-;37;42;-;4;-;-;29;47;43;43;92;87;75;17;3366;RWA
Saint Helena;2000;5;40;-;-;-;-;-;-;-;-;-;-;-;-;-;-;-;-;-;-;-;-;-;-;-;-;-;-;-;-;-;-;-;-;-;3367;SHN
Saint Helena;2017;4;40;>99;<1;<1;<1;;-;-;-;-;;-;-;-;-;;89;99;-;89;98;<1;-;-;-;-;-;-;-;-;-;-;-;-;3384;SHN
Saint Kitts and Nevis;2000;45;33;98;<1;2;<1;-;-;-;-;-;-;-;-;-;-;-;-;97;86;-;97;1;-;-;-;-;-;-;-;-;-;-;-;-;3385;KNA
Saint Kitts and Nevis;2017;55;31;-;-;-;-;;-;-;-;-;;-;-;-;-;;-;-;-;-;-;-;-;-;-;-;-;-;-;-;-;-;-;-;3402;KNA
Saint Lucia;2000;157;28;88;2;10;<1;0,57;87;2;12;<1;0,67;93;2;5;<1;0,29;-;86;-;-;89;<1;-;85;-;-;87;1;-;89;-;-;95;<1;3403;LCA
Saint Lucia;2017;179;19;98;2;<1;<1;;98;2;<1;<1;;98;2;<1;<1;;-;96;-;-;96;4;-;96;-;-;95;5;-;94;-;-;>99;<1;3420;LCA
Saint Pierre and Miquelon;2000;6;89;-;-;-;-;-;-;-;-;-;-;-;-;-;-;-;-;-;-;-;-;-;-;-;-;-;-;-;-;-;-;-;-;-;3421;SPM
Saint Pierre and Miquelon;2017;6;90;91;<1;9;<1;;-;-;-;-;;-;-;-;-;;83;83;91;91;91;<1;-;-;-;-;-;-;-;-;-;-;-;-;3438;SPM
Saint Vincent and the Grenadines;2000;108;45;93;<1;7;-;0,12;-;-;-;-;-;-;-;-;-;-;-;92;68;-;86;7;-;-;-;-;-;-;-;-;-;-;-;-;3439;VCT
Saint Vincent and the Grenadines;2017;110;52;95;<1;5;-;;-;-;-;-;;-;-;-;-;;-;94;70;-;93;2;-;-;-;-;-;-;-;-;-;-;-;-;3456;VCT
Samoa;2000;175;22;92;3;5;<1;0,32;92;4;4;<1;0,25;90;1;8;<1;0,59;57;92;95;57;87;8;-;92;-;-;86;11;-;90;-;-;91;<1;3457;WSM
Samoa;2017;196;18;97;<1;2;<1;;97;<1;2;<1;;>99;<1;<1;<1;;59;95;98;59;85;13;-;94;-;-;84;14;-;98;-;-;90;10;3474;WSM
San Marino;2000;27;93;>99;<1;<1;<1;0;-;-;-;-;-;-;-;-;-;-;>99;>99;>99;>99;>99;<1;-;-;-;-;-;-;-;-;-;-;-;-;3475;SMR
San Marino;2017;33;97;>99;<1;<1;<1;;-;-;-;-;;-;-;-;-;;>99;>99;>99;>99;>99;<1;-;-;-;-;-;-;-;-;-;-;-;-;3492;SMR
Sao Tome and Principe;2000;139;53;65;15;10;10;1,14;58;14;12;16;1,1;71;16;7;6;0,97;-;27;-;-;74;6;-;18;-;-;64;8;-;34;-;-;83;4;3493;STP
Sao Tome and Principe;2017;204;72;84;12;<1;3;;77;11;2;9;;87;13;<1;<1;;-;38;-;-;94;3;-;24;-;-;82;7;-;43;-;-;98;2;3510;STP
Saudi Arabia;2000;20764;80;97;<1;3;<1;0,15;-;-;-;-;-;-;-;-;-;-;-;79;-;-;72;25;-;-;-;-;-;-;-;-;-;-;-;-;3511;SAU
Saudi Arabia;2017;32938;84;>99;<1;<1;<1;;-;-;-;-;;-;-;-;-;;-;>99;-;-;86;14;-;-;-;-;-;-;-;-;-;-;-;-;3528;SAU
Senegal;2000;9884;40;60;5;33;2;1,22;40;7;51;2;1,79;89;3;7;<1;0,17;-;36;33;-;53;12;-;11;27;-;32;15;-;74;42;-;85;8;3529;SEN
Senegal;2017;15851;47;81;3;16;<1;;70;4;25;<1;;92;<1;7;<1;;-;67;43;-;73;10;-;52;43;-;61;13;-;83;43;-;86;7;3546;SEN
Serbia;2000;9488;53;95;5;<1;<1;-0,54;97;3;<1;<1;-0,48;93;7;<1;<1;-0,58;74;91;-;74;80;19;67;92;-;67;61;38;82;91;-;82;98;2;3547;SRB
Serbia;2017;8791;56;86;14;<1;<1;;88;11;<1;<1;;83;16;<1;<1;;75;84;-;75;96;3;66;86;-;66;95;4;81;82;-;81;97;2;3564;SRB
Seychelles;2000;81;50;93;<1;7;-;0,18;-;-;-;-;-;-;-;-;-;-;-;90;-;-;86;7;-;-;-;-;-;-;-;-;-;-;-;-;3565;SYC
Seychelles;2017;95;56;96;<1;<1;4;;-;-;-;-;;-;-;-;-;;-;95;-;-;95;2;-;-;-;-;-;-;-;-;-;-;-;-;3582;SYC
Sierra Leone;2000;4564;36;40;6;16;39;1,23;24;3;17;55;1,51;68;10;13;9;0,47;5;12;32;7;23;22;2;2;20;4;8;19;11;30;52;11;50;27;3583;SLE
Sierra Leone;2017;7557;42;61;9;16;14;;50;6;23;21;;76;14;7;3;;10;16;49;10;25;45;8;8;41;9;15;41;12;27;60;12;38;52;3600;SLE
Singapore;2000;3914;100;>99;<1;<1;<1;0;-;-;-;-;-;>99;<1;<1;<1;0;>99;>99;-;>99;>99;<1;-;-;-;-;-;-;>99;>99;-;>99;>99;<1;3601;SGP
Singapore;2017;5709;100;>99;<1;<1;<1;;-;-;-;-;;>99;<1;<1;<1;;>99;>99;-;>99;>99;<1;-;-;-;-;-;-;>99;>99;-;>99;>99;<1;3618;SGP
Sint Maarten (Dutch part);2000;32;100;98;<1;2;<1;-0,16;-;-;-;-;-;-;-;-;-;-;-;96;-;-;94;3;-;-;-;-;-;-;-;-;-;-;-;-;3619;SXM
Sint Maarten (Dutch part);2017;40;100;95;<1;5;<1;;-;-;-;-;;-;-;-;-;;-;93;-;-;91;4;-;-;-;-;-;-;-;-;-;-;-;-;3636;SXM
Slovakia;2000;5399;56;98;2;<1;<1;0,11;97;3;<1;<1;0,19;99;1;<1;<1;0,04;92;92;-;98;95;5;-;91;-;-;91;9;-;93;-;-;98;2;3637;SVK
Slovakia;2017;5448;54;>99;<1;<1;<1;;>99;<1;<1;<1;;>99;<1;<1;<1;;>99;>99;-;>99;98;2;-;>99;-;-;>99;<1;-;>99;-;-;97;3;3654;SVK
Slovenia;2000;1988;51;>99;<1;<1;<1;0;>99;<1;<1;<1;0;>99;<1;<1;<1;-0,01;80;>99;-;80;>99;<1;-;>99;-;-;>99;<1;-;>99;-;-;>99;<1;3655;SVN
Slovenia;2017;2080;54;>99;<1;<1;<1;;>99;<1;<1;<1;;>99;<1;<1;<1;;98;98;-;>99;99;<1;-;98;-;-;99;<1;-;98;-;-;>99;<1;3672;SVN
Solomon Islands;2000;413;16;79;5;11;5;-0,64;76;5;12;6;-0,93;90;3;5;1;0,06;-;61;42;-;59;24;-;57;66;-;56;25;-;83;-;-;75;19;3673;SLB
Solomon Islands;2017;611;23;68;6;15;12;;61;6;18;15;;91;4;4;1;;-;52;37;-;46;27;-;42;54;-;39;28;-;83;-;-;70;24;3690;SLB
Somalia;2000;9011;33;20;6;38;36;1,93;4;4;41;50;1,4;50;11;30;8;1,91;-;10;20;-;10;16;-;<1;5;-;3;5;-;29;51;-;23;39;3691;SOM
Somalia;2017;14743;44;52;31;14;3;;28;44;23;5;;83;15;2;<1;;-;34;59;-;41;42;-;8;42;-;14;58;-;66;81;-;75;23;3708;SOM
South Africa;2000;45728;57;85;3;4;8;0,48;66;6;9;19;0,85;98;<1;<1;<1;0,03;-;63;81;-;82;5;-;28;64;-;60;12;90;90;94;98;99;<1;3709;ZAF
South Africa;2017;56717;66;93;3;2;3;;81;7;5;8;;99;<1;<1;<1;;-;76;71;-;90;6;-;47;50;-;74;14;82;91;82;99;98;1;3726;ZAF
South Sudan;2000;6701;17;-;-;-;-;-;-;-;-;-;-;-;-;-;-;-;-;-;-;-;-;-;-;-;-;-;-;-;-;-;-;-;-;-;3727;SSD
South Sudan;2017;12576;19;41;34;17;9;;35;37;18;10;;65;20;12;3;;-;3;-;-;3;71;-;2;-;-;2;70;-;4;-;-;8;77;3744;SSD
Spain;2000;40904;76;>99;<1;<1;<1;0;>99;<1;<1;<1;0;>99;<1;<1;<1;-0,01;99;>99;-;99;>99;<1;-;>99;-;-;>99;<1;-;>99;-;-;>99;<1;3745;ESP
Spain;2017;46354;80;>99;<1;<1;<1;;>99;<1;<1;<1;;>99;<1;<1;<1;;98;>99;-;98;>99;<1;-;>99;-;-;>99;<1;-;>99;-;-;>99;<1;3762;ESP
Sri Lanka;2000;18782;18;80;2;13;5;0,58;76;2;16;6;0,69;95;2;2;<1;0,09;-;61;75;-;27;55;-;55;70;-;15;63;86;86;95;96;79;19;3763;LKA
Sri Lanka;2017;20877;18;89;3;6;2;;88;4;7;2;;97;1;1;<1;;-;75;87;-;38;54;-;71;85;-;30;61;91;91;97;96;74;24;3780;LKA
Sudan;2000;27251;32;43;19;29;8;0,99;35;18;35;11;1,05;60;21;16;3;0,79;-;28;60;-;29;34;-;17;54;-;18;36;-;52;73;-;51;30;3781;SDN
Sudan;2017;40533;34;60;27;4;9;;53;27;6;14;;74;25;<1;1;;-;38;84;-;46;41;-;25;81;-;34;47;-;64;89;-;69;30;3798;SDN
Suriname;2000;472;66;90;<1;3;8;0,34;74;<1;4;22;0,97;98;<1;2;<1;0,03;-;87;50;-;72;18;-;69;44;-;45;29;-;96;53;-;85;13;3799;SUR
Suriname;2017;563;66;95;1;3;-;;90;2;8;-;;98;<1;<1;<1;;-;92;54;-;79;18;-;81;55;-;61;31;-;97;53;-;88;11;3816;SUR
Sweden;2000;8882;84;>99;<1;<1;<1;0;>99;<1;<1;<1;0;>99;<1;<1;<1;0;>99;>99;-;>99;>99;<1;-;>99;-;-;>99;<1;-;>99;-;-;>99;<1;3817;SWE
Sweden;2017;9911;87;>99;<1;<1;<1;;>99;<1;<1;<1;;>99;<1;<1;<1;;>99;>99;-;>99;>99;<1;-;>99;-;-;>99;<1;-;>99;-;-;>99;<1;3834;SWE
Switzerland;2000;7167;73;>99;<1;<1;<1;0;>99;<1;<1;<1;0;>99;<1;<1;<1;0;93;>99;-;93;>99;<1;-;>99;-;-;>99;<1;-;>99;-;-;>99;<1;3835;CHE
Switzerland;2017;8476;74;>99;<1;<1;<1;;>99;<1;<1;<1;;>99;<1;<1;<1;;95;>99;-;95;>99;<1;-;>99;-;-;>99;<1;-;>99;-;-;>99;<1;3852;CHE
Syrian Arab Republic;2000;16411;52;95;2;3;<1;0,14;90;4;5;<1;0,3;>99;<1;<1;<1;-0,02;-;79;91;-;85;12;-;64;88;-;70;24;-;93;93;-;>99;<1;3853;SYR
Syrian Arab Republic;2017;18270;54;97;2;<1;-;;95;4;<1;-;;99;<1;<1;<1;;-;81;93;-;73;27;-;68;93;-;71;28;-;92;93;-;75;25;3870;SYR
Tajikistan;2000;6216;27;56;4;6;34;1,49;43;4;8;44;1,89;90;3;1;5;0,34;35;35;39;39;48;12;-;19;33;-;33;15;-;79;57;-;89;5;3871;TJK
Tajikistan;2017;8921;27;81;2;2;14;;76;3;3;19;;96;<1;<1;2;;48;60;48;73;64;19;-;49;43;-;55;24;-;90;62;-;91;6;3888;TJK
Thailand;2000;62958;31;94;<1;6;<1;0,37;92;<1;7;<1;0,49;98;<1;2;<1;0,11;-;88;-;-;34;60;-;85;-;-;17;75;-;96;-;-;71;27;3889;THA
Thailand;2017;69038;49;>99;<1;<1;<1;;>99;<1;<1;<1;;>99;<1;<1;<1;;-;>99;-;-;70;30;-;>99;-;-;54;46;-;>99;-;-;87;13;3906;THA
Timor-Leste;2000;872;24;-;-;-;-;-;-;-;-;-;-;-;-;-;-;-;-;-;-;-;-;-;-;-;-;-;-;-;-;-;-;-;-;-;3907;TLS
Timor-Leste;2017;1296;30;78;2;15;4;;70;3;21;6;;98;2;<1;<1;;-;66;-;-;65;16;-;55;-;-;57;16;-;93;56;-;83;17;3924;TLS
Togo;2000;4970;33;46;4;28;22;1,13;30;4;34;32;1,11;79;3;17;<1;0,59;-;10;-;-;36;14;-;4;-;-;17;17;-;21;-;-;74;8;3925;TGO
Togo;2017;7798;41;65;6;16;13;;48;8;22;22;;89;3;7;1;;-;19;-;-;26;45;-;6;-;-;12;44;-;38;-;-;45;48;3942;TGO
Tokelau;2000;2;0;99;<1;1;<1;0,06;99;<1;1;<1;0,06;-;-;-;-;-;-;74;-;-;-;-;-;74;-;-;-;-;-;-;-;-;-;-;3943;TKL
Tokelau;2017;1;0;>99;<1;<1;<1;;>99;<1;<1;<1;;-;-;-;-;;-;96;-;-;95;4;-;96;-;-;95;4;-;-;-;-;-;-;3960;TKL
Tonga;2000;98;23;98;<1;2;<1;0,08;99;<1;1;<1;0,07;97;<1;3;<1;0,14;-;98;-;-;94;4;-;99;-;-;96;3;-;97;-;-;90;7;3961;TON
Tonga;2017;108;23;>99;<1;<1;<1;;>99;<1;<1;<1;;>99;<1;<1;<1;;-;71;-;-;>99;<1;-;71;-;-;>99;<1;-;74;-;-;>99;<1;3978;TON
Trinidad and Tobago;2000;1268;56;92;1;6;1;0,37;-;-;-;-;-;-;-;-;-;-;-;82;73;-;83;10;-;-;-;-;-;-;-;-;-;-;-;-;3979;TTO
Trinidad and Tobago;2017;1369;53;98;1;<1;<1;;-;-;-;-;;-;-;-;-;;-;98;82;-;94;5;-;-;-;-;-;-;-;-;-;-;-;-;3996;TTO
Tunisia;2000;9699;63;88;4;7;<1;0,49;71;11;17;2;1,06;98;<1;2;<1;0,11;41;87;-;41;79;13;-;71;-;-;55;26;-;96;-;-;93;5;3997;TUN
Tunisia;2017;11532;69;96;2;2;<1;;89;6;6;<1;;>99;<1;<1;<1;;93;93;-;98;92;6;-;82;-;-;77;17;-;98;-;-;>99;<1;4014;TUN
Turkey;2000;63240;65;95;<1;4;<1;0,2;89;<1;10;<1;0,61;99;<1;1;<1;-0,01;-;94;-;-;91;4;-;86;-;-;80;10;-;98;-;-;98;1;4015;TUR
Turkey;2017;80745;75;99;<1;<1;<1;;>99;<1;<1;<1;;99;<1;1;<1;;-;96;-;-;99;<1;-;94;-;-;>99;<1;-;97;-;-;99;<1;4032;TUR
Turkmenistan;2000;4516;46;87;2;2;10;0,7;79;<1;3;18;1,08;96;3;<1;<1;0,22;66;70;-;70;56;33;50;58;-;50;29;51;84;84;-;94;88;11;4033;TKM
Turkmenistan;2017;5758;51;99;1;<1;<1;;98;2;<1;<1;;>99;<1;<1;<1;;94;99;-;94;57;43;91;97;-;91;35;65;97;>99;-;97;78;22;4050;TKM
Turks and Caicos Islands;2000;19;85;86;<1;14;<1;0,46;-;-;-;-;-;-;-;-;-;-;-;85;-;-;42;45;-;-;-;-;-;-;-;-;-;-;-;-;4051;TCA
Turks and Caicos Islands;2017;35;93;94;<1;6;<1;;-;-;-;-;;-;-;-;-;;-;90;-;-;68;26;-;-;-;-;-;-;-;-;-;-;-;-;4068;TCA
Tuvalu;2000;9;46;-;-;-;-;-;-;-;-;-;-;-;-;-;-;-;-;-;-;-;-;-;-;-;-;-;-;-;-;-;-;-;-;-;4069;TUV
Tuvalu;2017;11;62;>99;<1;<1;<1;;99;<1;1;<1;;>99;<1;<1;<1;;-;97;-;-;>99;<1;-;-;-;-;99;<1;50;-;>99;50;>99;<1;4086;TUV
Uganda;2000;24039;15;27;34;26;14;1,31;19;36;29;16;1,3;70;21;8;2;0,28;5;5;53;37;11;49;1;1;49;28;3;52;26;26;76;89;61;30;4087;UGA
Uganda;2017;42863;23;49;32;12;7;;41;36;14;8;;75;18;6;1;;7;7;71;50;21;60;4;4;68;39;12;66;16;16;78;87;53;40;4104;UGA
Ukraine;2000;48840;67;98;<1;2;<1;-0,25;95;<1;5;<1;0,28;>99;<1;<1;<1;-0,49;66;66;-;91;79;19;-;6;-;-;46;49;-;95;-;-;96;4;4105;UKR
Ukraine;2017;44223;69;94;6;<1;<1;;>99;<1;<1;<1;;91;8;<1;<1;;92;92;-;93;66;33;-;>99;-;-;31;68;-;89;-;-;82;18;4122;UKR
United Arab Emirates;2000;3155;80;96;4;<1;<1;0,14;-;-;-;-;-;-;-;-;-;-;-;88;99;-;72;28;-;-;-;-;-;-;-;-;-;-;-;-;4123;ARE
United Arab Emirates;2017;9400;86;98;2;<1;<1;;-;-;-;-;;-;-;-;-;;-;98;>99;-;96;4;-;-;-;-;-;-;-;-;-;-;-;-;4140;ARE
United Kingdom;2000;58951;79;>99;<1;<1;<1;0;>99;<1;<1;<1;0;>99;<1;<1;<1;0;>99;>99;-;>99;>99;<1;-;>99;-;-;>99;<1;-;>99;-;-;>99;<1;4141;GBR
United Kingdom;2017;66182;83;>99;<1;<1;<1;;>99;<1;<1;<1;;>99;<1;<1;<1;;>99;>99;-;>99;>99;<1;-;>99;-;-;>99;<1;-;>99;-;-;>99;<1;4158;GBR
United Republic of Tanzania;2000;34178;22;27;8;49;16;1,73;16;7;56;20;1,53;65;9;24;3;1,21;-;<1;16;-;34;<1;-;<1;13;-;24;<1;4;4;28;63;71;2;4159;TZA
United Republic of Tanzania;2017;57310;33;57;11;18;14;;43;14;24;20;;86;7;5;3;;-;29;32;-;36;32;-;16;30;-;24;32;35;57;35;78;59;34;4176;TZA
United States Virgin Islands;2000;109;93;99;<1;1;<1;0;-;-;-;-;-;-;-;-;-;-;-;98;-;-;47;51;-;-;-;-;-;-;-;-;-;-;-;-;;VIR
United States Virgin Islands;2017;105;96;99;<1;1;<1;;-;-;-;-;;-;-;-;-;;-;98;-;-;47;52;-;-;-;-;-;-;-;-;-;-;-;-;;VIR
United States of America;2000;281983;79;-;-;-;-;-;-;-;-;-;-;>99;<1;<1;<1;0;-;-;-;-;-;-;-;-;-;-;-;-;>99;>99;-;>99;>99;<1;;USA
United States of America;2017;324459;82;>99;<1;<1;<1;;97;<1;3;<1;;>99;<1;<1;<1;;>99;>99;-;>99;99;<1;-;96;-;-;95;2;>99;>99;-;>99;>99;<1;;USA
Uruguay;2000;3321;92;97;<1;2;<1;0,14;75;2;21;2;1,22;99;<1;<1;<1;0,04;-;96;97;-;96;2;-;73;-;-;60;17;94;98;>99;94;99;<1;;URY
Uruguay;2017;3457;95;>99;<1;<1;<1;;95;5;<1;<1;;>99;<1;<1;<1;;-;99;>99;-;>99;<1;-;95;-;-;98;2;95;99;>99;95;>99;<1;;URY
Uzbekistan;2000;24849;46;85;8;3;5;0,77;76;12;5;7;1,19;95;2;<1;2;0,25;56;56;-;87;75;18;32;32;-;82;57;31;84;84;97;92;95;3;;UZB
Uzbekistan;2017;31911;51;98;<1;<1;2;;96;<1;<1;4;;>99;<1;<1;<1;;59;59;-;90;70;28;31;31;-;88;52;44;86;86;>99;92;88;11;;UZB
Vanuatu;2000;185;22;82;<1;11;6;0,55;78;1;13;8;0,62;96;<1;4;<1;0,22;40;45;-;40;49;34;-;38;-;-;40;39;-;69;-;-;80;16;;VUT
Vanuatu;2017;276;25;91;1;<1;8;;88;1;<1;10;;>99;<1;<1;<1;;44;50;-;44;48;45;-;43;-;-;37;52;-;71;-;-;78;22;;VUT
Venezuela (Bolivarian Republic of);2000;24488;88;97;<1;1;2;-0,05;-;-;-;-;-;-;-;-;-;-;-;88;60;-;86;11;-;-;-;-;-;-;-;-;-;-;-;-;;VEN
Venezuela (Bolivarian Republic of);2017;31977;88;96;<1;2;1;;-;-;-;-;;-;-;-;-;;-;87;59;-;87;9;-;-;-;-;-;-;-;-;-;-;-;-;;VEN
Viet Nam;2000;80286;24;80;<1;9;9;0,86;76;<1;12;12;1,01;94;<1;3;2;0,24;-;65;-;-;13;68;-;57;-;-;2;75;-;88;95;-;49;46;;VNM
Viet Nam;2017;95541;35;95;<1;5;<1;;93;<1;7;<1;;99;<1;1;<1;;-;95;-;-;43;52;-;93;-;-;22;70;-;99;99;-;81;18;;VNM
Wallis and Futuna Islands;2000;15;0;>99;<1;<1;<1;-0,01;>99;<1;<1;<1;-0,01;-;-;-;-;-;-;>99;-;-;>99;<1;-;>99;-;-;>99;<1;-;-;-;-;-;-;;WLF
Wallis and Futuna Islands;2017;12;0;>99;<1;<1;<1;;>99;<1;<1;<1;;-;-;-;-;;-;>99;-;-;>99;<1;-;>99;-;-;>99;<1;-;-;-;-;-;-;;WLF
West Bank and Gaza Strip;2000;3223;72;91;<1;8;1;0,36;88;1;9;3;0,49;92;<1;7;<1;0,3;-;83;83;-;86;5;-;84;83;-;70;19;-;83;83;-;92;<1;;PSE
West Bank and Gaza Strip;2017;4921;76;97;<1;3;-;;96;1;3;-;;97;<1;3;-;;-;89;88;-;54;43;-;92;91;-;85;12;-;88;87;-;44;53;;PSE
Western Sahara;2000;314;86;-;-;-;-;-;-;-;-;-;-;-;-;-;-;-;-;-;-;-;-;-;-;-;-;-;-;-;-;-;-;-;-;-;;ESH
Western Sahara;2017;553;87;-;-;-;-;;-;-;-;-;;-;-;-;-;;-;-;-;-;-;-;-;-;-;-;-;-;-;-;-;-;-;-;;ESH
Yemen;2000;17875;26;38;16;40;6;1,51;26;15;52;7;1,71;72;19;7;2;0,41;-;30;34;-;41;13;-;16;26;-;32;9;-;69;56;-;65;26;;YEM
Yemen;2017;28250;36;63;29;4;4;;55;33;6;7;;79;21;<1;<1;;-;49;58;-;48;44;-;35;56;-;32;55;-;75;62;-;77;23;;YEM
Zambia;2000;10531;35;49;4;28;19;0,62;31;4;37;28;0,65;84;3;11;2;-0,03;-;20;-;-;33;20;-;4;-;-;6;28;49;49;72;66;82;5;;ZMB
Zambia;2017;17094;43;60;8;24;9;;42;9;35;14;;84;6;9;1;;-;24;-;-;32;36;-;6;-;-;4;46;46;46;89;89;68;21;;ZMB
Zimbabwe;2000;12222;34;72;8;15;6;-0,45;60;10;21;9;-0,59;95;3;2;<1;-0,06;-;41;60;-;40;39;-;16;59;-;12;58;-;90;62;-;94;4;;ZWE
Zimbabwe;2017;16530;32;64;13;16;7;;50;18;22;10;;94;4;2;<1;;-;32;58;-;31;46;-;14;57;-;10;57;-;71;62;-;74;24;;ZWE
